"id","time_required","option_marked_id","question_id","assignment_id","correct","user_id"
"6336","2848","351769","88204","1","","f6bce875-fd42-4f9a-ab4c-7dbca1b128e1"
"6337","2926","387060","97031","1","","f6bce875-fd42-4f9a-ab4c-7dbca1b128e1"
"6338","3567","351769","88204","1","","f6bce875-fd42-4f9a-ab4c-7dbca1b128e1"
"6339","2383","387060","97031","1","","f6bce875-fd42-4f9a-ab4c-7dbca1b128e1"
"6340","2761","387101","97041","1","","f6bce875-fd42-4f9a-ab4c-7dbca1b128e1"
"6341","4404","387183","97061","1","","f6bce875-fd42-4f9a-ab4c-7dbca1b128e1"
"6342","3860","351767","88204","111","","f6bce875-fd42-4f9a-ab4c-7dbca1b128e1"
"6343","2421","387063","97031","111","","f6bce875-fd42-4f9a-ab4c-7dbca1b128e1"
"6344","3942","387100","97041","111","","f6bce875-fd42-4f9a-ab4c-7dbca1b128e1"
"6345","13950","351766","88204","114","","f6bce875-fd42-4f9a-ab4c-7dbca1b128e1"
"6346","2308","387062","97031","114","","f6bce875-fd42-4f9a-ab4c-7dbca1b128e1"
"6347","2924","387100","97041","114","","f6bce875-fd42-4f9a-ab4c-7dbca1b128e1"
"6348","6326","387183","97061","114","","f6bce875-fd42-4f9a-ab4c-7dbca1b128e1"
"6349","3312","388264","97332","114","","f6bce875-fd42-4f9a-ab4c-7dbca1b128e1"
"6350","15051","351767","88204","0","","9dd1bb06-bb7b-40a1-b16b-8227d8330e60"
"6351","8126","351768","88204","0","","14c7721b-55b2-470f-9e25-4cd222c72fd7"
"6352","9685","387062","97031","0","","14c7721b-55b2-470f-9e25-4cd222c72fd7"
"6353","5136","387100","97041","0","","14c7721b-55b2-470f-9e25-4cd222c72fd7"
"6354","2345","387100","97061","0","","14c7721b-55b2-470f-9e25-4cd222c72fd7"
"6355","5943","388266","97332","0","","14c7721b-55b2-470f-9e25-4cd222c72fd7"
"6356","2841","429604","107669","0","","14c7721b-55b2-470f-9e25-4cd222c72fd7"
"6357","3398","429604","111635","0","","14c7721b-55b2-470f-9e25-4cd222c72fd7"
"6358","776","429604","112003","0","","14c7721b-55b2-470f-9e25-4cd222c72fd7"
"6359","1255","429604","112007","0","","14c7721b-55b2-470f-9e25-4cd222c72fd7"
"6360","527","429604","112009","0","","14c7721b-55b2-470f-9e25-4cd222c72fd7"
"6361","684","429604","112019","0","","14c7721b-55b2-470f-9e25-4cd222c72fd7"
"6362","877","429604","112019","0","","14c7721b-55b2-470f-9e25-4cd222c72fd7"
"6363","619","429604","112021","0","","14c7721b-55b2-470f-9e25-4cd222c72fd7"
"6364","113","429604","112026","0","","14c7721b-55b2-470f-9e25-4cd222c72fd7"
"6365","306","429604","112026","0","","14c7721b-55b2-470f-9e25-4cd222c72fd7"
"6366","91","429604","112027","0","","14c7721b-55b2-470f-9e25-4cd222c72fd7"
"6367","90","429604","112028","0","","14c7721b-55b2-470f-9e25-4cd222c72fd7"
"6368","96","429604","112034","0","","14c7721b-55b2-470f-9e25-4cd222c72fd7"
"6369","71","429604","112040","0","","14c7721b-55b2-470f-9e25-4cd222c72fd7"
"6370","247","429604","112040","0","","14c7721b-55b2-470f-9e25-4cd222c72fd7"
"6371","230","429604","112045","0","","14c7721b-55b2-470f-9e25-4cd222c72fd7"
"6372","626","429604","112049","0","","14c7721b-55b2-470f-9e25-4cd222c72fd7"
"6373","99","429604","112051","0","","14c7721b-55b2-470f-9e25-4cd222c72fd7"
"6374","87","429604","112056","0","","14c7721b-55b2-470f-9e25-4cd222c72fd7"
"6375","604","429604","112059","0","","14c7721b-55b2-470f-9e25-4cd222c72fd7"
"6376","585","429604","112065","0","","14c7721b-55b2-470f-9e25-4cd222c72fd7"
"6377","761","429604","112065","0","","14c7721b-55b2-470f-9e25-4cd222c72fd7"
"6378","639","429604","112071","0","","14c7721b-55b2-470f-9e25-4cd222c72fd7"
"6379","795","429604","112071","0","","14c7721b-55b2-470f-9e25-4cd222c72fd7"
"6380","945","429604","112071","0","","14c7721b-55b2-470f-9e25-4cd222c72fd7"
"6381","544","429604","112074","0","","14c7721b-55b2-470f-9e25-4cd222c72fd7"
"6382","482","429604","112083","0","","14c7721b-55b2-470f-9e25-4cd222c72fd7"
"6383","480","429604","112090","0","","14c7721b-55b2-470f-9e25-4cd222c72fd7"
"6384","490","429604","112098","0","","14c7721b-55b2-470f-9e25-4cd222c72fd7"
"6385","466","429604","112100","0","","14c7721b-55b2-470f-9e25-4cd222c72fd7"
"6386","580","429604","113460","0","","14c7721b-55b2-470f-9e25-4cd222c72fd7"
"6387","597","429604","114087","0","","14c7721b-55b2-470f-9e25-4cd222c72fd7"
"6388","783","429604","114087","0","","14c7721b-55b2-470f-9e25-4cd222c72fd7"
"6389","68","429604","114128","0","","14c7721b-55b2-470f-9e25-4cd222c72fd7"
"6390","769","429604","120824","0","","14c7721b-55b2-470f-9e25-4cd222c72fd7"
"6391","950","429604","120824","0","","14c7721b-55b2-470f-9e25-4cd222c72fd7"
"6392","652","429604","128413","0","","14c7721b-55b2-470f-9e25-4cd222c72fd7"
"6393","801","429604","128413","0","","14c7721b-55b2-470f-9e25-4cd222c72fd7"
"6394","589","429604","128446","0","","14c7721b-55b2-470f-9e25-4cd222c72fd7"
"6395","541","429604","131314","0","","14c7721b-55b2-470f-9e25-4cd222c72fd7"
"6396","473","429604","137196","0","","14c7721b-55b2-470f-9e25-4cd222c72fd7"
"6397","415","429604","139886","0","","14c7721b-55b2-470f-9e25-4cd222c72fd7"
"6398","599","429604","140082","0","","14c7721b-55b2-470f-9e25-4cd222c72fd7"
"6399","555","429604","140487","0","","14c7721b-55b2-470f-9e25-4cd222c72fd7"
"6400","518","429604","140509","0","","14c7721b-55b2-470f-9e25-4cd222c72fd7"
"6401","495","429604","144559","0","","14c7721b-55b2-470f-9e25-4cd222c72fd7"
"6402","361","429604","144630","0","","14c7721b-55b2-470f-9e25-4cd222c72fd7"
"6403","415","429604","144658","0","","14c7721b-55b2-470f-9e25-4cd222c72fd7"
"6404","369","429604","144694","0","","14c7721b-55b2-470f-9e25-4cd222c72fd7"
"6405","440","429604","144731","0","","14c7721b-55b2-470f-9e25-4cd222c72fd7"
"6406","308","429604","144809","0","","14c7721b-55b2-470f-9e25-4cd222c72fd7"
"6407","280","429604","144822","0","","14c7721b-55b2-470f-9e25-4cd222c72fd7"
"6408","575","429604","145896","0","","14c7721b-55b2-470f-9e25-4cd222c72fd7"
"6409","30","429604","145943","0","","14c7721b-55b2-470f-9e25-4cd222c72fd7"
"6410","511","429604","145947","0","","14c7721b-55b2-470f-9e25-4cd222c72fd7"
"6411","795","429604","145947","0","","14c7721b-55b2-470f-9e25-4cd222c72fd7"
"6412","202","429604","145950","0","","14c7721b-55b2-470f-9e25-4cd222c72fd7"
"6413","591","429604","145964","0","","14c7721b-55b2-470f-9e25-4cd222c72fd7"
"6414","49","429604","145968","0","","14c7721b-55b2-470f-9e25-4cd222c72fd7"
"6415","27","429604","146271","0","","14c7721b-55b2-470f-9e25-4cd222c72fd7"
"6416","453","429604","146295","0","","14c7721b-55b2-470f-9e25-4cd222c72fd7"
"6417","636","429604","146295","0","","14c7721b-55b2-470f-9e25-4cd222c72fd7"
"6418","158","429604","146315","0","","14c7721b-55b2-470f-9e25-4cd222c72fd7"
"6419","97","429604","146333","0","","14c7721b-55b2-470f-9e25-4cd222c72fd7"
"6420","321","429604","146341","0","","14c7721b-55b2-470f-9e25-4cd222c72fd7"
"6421","122","429604","146341","0","","14c7721b-55b2-470f-9e25-4cd222c72fd7"
"6422","786","429604","147569","0","","14c7721b-55b2-470f-9e25-4cd222c72fd7"
"6423","661","429604","152252","0","","14c7721b-55b2-470f-9e25-4cd222c72fd7"
"6424","836","429604","152252","0","","14c7721b-55b2-470f-9e25-4cd222c72fd7"
"6425","8","429604","152447","0","","14c7721b-55b2-470f-9e25-4cd222c72fd7"
"6426","188","429604","152447","0","","14c7721b-55b2-470f-9e25-4cd222c72fd7"
"6427","98","429604","152452","0","","14c7721b-55b2-470f-9e25-4cd222c72fd7"
"6428","921","429604","152915","0","","14c7721b-55b2-470f-9e25-4cd222c72fd7"
"6429","535","429604","152926","0","","14c7721b-55b2-470f-9e25-4cd222c72fd7"
"6430","36448","351769","88204","0","","63113386-b818-4b64-8019-959190d2912a"
"6431","14729","351768","88204","1","","e16bc830-e129-4a3c-a363-de7dfccd030f"
"6432","11149","387062","97031","1","","e16bc830-e129-4a3c-a363-de7dfccd030f"
"6433","6027","387103","97041","1","","e16bc830-e129-4a3c-a363-de7dfccd030f"
"6434","20728","387182","97061","1","","e16bc830-e129-4a3c-a363-de7dfccd030f"
"6435","21822","388266","97332","1","","e16bc830-e129-4a3c-a363-de7dfccd030f"
"6436","15489","429606","107669","1","","e16bc830-e129-4a3c-a363-de7dfccd030f"
"6437","12749","445464","111635","1","","e16bc830-e129-4a3c-a363-de7dfccd030f"
"6438","18038","446930","112002","1","","e16bc830-e129-4a3c-a363-de7dfccd030f"
"6439","15871","446935","112003","1","","e16bc830-e129-4a3c-a363-de7dfccd030f"
"6440","4641","446952","112007","1","","e16bc830-e129-4a3c-a363-de7dfccd030f"
"6441","3495","446957","112009","1","","e16bc830-e129-4a3c-a363-de7dfccd030f"
"6442","13404","447000","112019","1","","e16bc830-e129-4a3c-a363-de7dfccd030f"
"6443","6016","447005","112021","1","","e16bc830-e129-4a3c-a363-de7dfccd030f"
"6444","20533","447027","112026","1","","e16bc830-e129-4a3c-a363-de7dfccd030f"
"6445","9437","447030","112027","1","","e16bc830-e129-4a3c-a363-de7dfccd030f"
"6446","3884","447035","112028","1","","e16bc830-e129-4a3c-a363-de7dfccd030f"
"6447","11712","447059","112034","1","","e16bc830-e129-4a3c-a363-de7dfccd030f"
"6448","14858","447083","112040","1","","e16bc830-e129-4a3c-a363-de7dfccd030f"
"6449","4547","447104","112045","1","","e16bc830-e129-4a3c-a363-de7dfccd030f"
"6450","8494","447119","112049","1","","e16bc830-e129-4a3c-a363-de7dfccd030f"
"6451","8914","447128","112051","1","","e16bc830-e129-4a3c-a363-de7dfccd030f"
"6452","8671","447146","112056","1","","e16bc830-e129-4a3c-a363-de7dfccd030f"
"6453","22101","447159","112059","1","","e16bc830-e129-4a3c-a363-de7dfccd030f"
"6454","33648","447182","112065","1","","e16bc830-e129-4a3c-a363-de7dfccd030f"
"6455","10016","447207","112071","1","","e16bc830-e129-4a3c-a363-de7dfccd030f"
"6456","5815","447218","112074","1","","e16bc830-e129-4a3c-a363-de7dfccd030f"
"6457","20609","447255","112083","1","","e16bc830-e129-4a3c-a363-de7dfccd030f"
"6458","11799","447283","112090","1","","e16bc830-e129-4a3c-a363-de7dfccd030f"
"6459","8900","447313","112098","1","","e16bc830-e129-4a3c-a363-de7dfccd030f"
"6460","6587","447322","112100","1","","e16bc830-e129-4a3c-a363-de7dfccd030f"
"6461","7510","452761","113460","1","","e16bc830-e129-4a3c-a363-de7dfccd030f"
"6462","5104","455265","114087","1","","e16bc830-e129-4a3c-a363-de7dfccd030f"
"6463","38949","351766","88204","0","","1b8b2486-81f5-49bf-8fcb-8bb8d81f27f1"
"6464","32931","387060","97031","0","","1b8b2486-81f5-49bf-8fcb-8bb8d81f27f1"
"6465","26999","387102","97041","0","","1b8b2486-81f5-49bf-8fcb-8bb8d81f27f1"
"6466","37985","387182","97061","0","","1b8b2486-81f5-49bf-8fcb-8bb8d81f27f1"
"6467","18615","388265","97332","0","","1b8b2486-81f5-49bf-8fcb-8bb8d81f27f1"
"6468","8581","429606","107669","0","","1b8b2486-81f5-49bf-8fcb-8bb8d81f27f1"
"6469","10545","445463","111635","0","","1b8b2486-81f5-49bf-8fcb-8bb8d81f27f1"
"6470","27714","446931","112002","0","","1b8b2486-81f5-49bf-8fcb-8bb8d81f27f1"
"6471","23267","446935","112003","0","","1b8b2486-81f5-49bf-8fcb-8bb8d81f27f1"
"6472","7487","446952","112007","0","","1b8b2486-81f5-49bf-8fcb-8bb8d81f27f1"
"6473","4789","446957","112009","0","","1b8b2486-81f5-49bf-8fcb-8bb8d81f27f1"
"6474","16304","447000","112019","0","","1b8b2486-81f5-49bf-8fcb-8bb8d81f27f1"
"6475","7702","447005","112021","0","","1b8b2486-81f5-49bf-8fcb-8bb8d81f27f1"
"6476","8879","447028","112026","0","","1b8b2486-81f5-49bf-8fcb-8bb8d81f27f1"
"6477","10153","447029","112027","0","","1b8b2486-81f5-49bf-8fcb-8bb8d81f27f1"
"6478","9532","447035","112028","0","","1b8b2486-81f5-49bf-8fcb-8bb8d81f27f1"
"6479","10520","447057","112034","0","","1b8b2486-81f5-49bf-8fcb-8bb8d81f27f1"
"6480","9942","447083","112040","0","","1b8b2486-81f5-49bf-8fcb-8bb8d81f27f1"
"6481","7263","447104","112045","0","","1b8b2486-81f5-49bf-8fcb-8bb8d81f27f1"
"6482","8397","447117","112049","0","","1b8b2486-81f5-49bf-8fcb-8bb8d81f27f1"
"6483","12062","447128","112051","0","","1b8b2486-81f5-49bf-8fcb-8bb8d81f27f1"
"6484","17314","447146","112056","0","","1b8b2486-81f5-49bf-8fcb-8bb8d81f27f1"
"6485","10866","447158","112059","0","","1b8b2486-81f5-49bf-8fcb-8bb8d81f27f1"
"6486","5678","447183","112065","0","","1b8b2486-81f5-49bf-8fcb-8bb8d81f27f1"
"6487","8776","447205","112071","0","","1b8b2486-81f5-49bf-8fcb-8bb8d81f27f1"
"6488","7747","447219","112074","0","","1b8b2486-81f5-49bf-8fcb-8bb8d81f27f1"
"6489","16333","447281","112090","0","","1b8b2486-81f5-49bf-8fcb-8bb8d81f27f1"
"6490","16568","447313","112098","0","","1b8b2486-81f5-49bf-8fcb-8bb8d81f27f1"
"6491","15109","452763","113460","0","","1b8b2486-81f5-49bf-8fcb-8bb8d81f27f1"
"6492","11971","455266","114087","0","","1b8b2486-81f5-49bf-8fcb-8bb8d81f27f1"
"6493","9978","455429","114128","0","","1b8b2486-81f5-49bf-8fcb-8bb8d81f27f1"
"6494","9084","512669","128446","0","","1b8b2486-81f5-49bf-8fcb-8bb8d81f27f1"
"6495","3203","547662","137196","0","","1b8b2486-81f5-49bf-8fcb-8bb8d81f27f1"
"6496","8520","560908","140509","0","","1b8b2486-81f5-49bf-8fcb-8bb8d81f27f1"
"6497","13061","577082","144559","0","","1b8b2486-81f5-49bf-8fcb-8bb8d81f27f1"
"6498","8615","577623","144694","0","","1b8b2486-81f5-49bf-8fcb-8bb8d81f27f1"
"6499","3798","577623","144809","0","","1b8b2486-81f5-49bf-8fcb-8bb8d81f27f1"
"6500","3526","577623","144822","0","","1b8b2486-81f5-49bf-8fcb-8bb8d81f27f1"
"6501","6782","582618","145943","0","","1b8b2486-81f5-49bf-8fcb-8bb8d81f27f1"
"6502","6310","582618","145947","0","","1b8b2486-81f5-49bf-8fcb-8bb8d81f27f1"
"6503","5331","582702","145964","0","","1b8b2486-81f5-49bf-8fcb-8bb8d81f27f1"
"6504","5782","582720","145968","0","","1b8b2486-81f5-49bf-8fcb-8bb8d81f27f1"
"6505","5987","632140","158326","0","","1b8b2486-81f5-49bf-8fcb-8bb8d81f27f1"
"6506","1567","632140","158372","0","","1b8b2486-81f5-49bf-8fcb-8bb8d81f27f1"
"6507","108","632140","158375","0","","1b8b2486-81f5-49bf-8fcb-8bb8d81f27f1"
"6508","34","632140","158378","0","","1b8b2486-81f5-49bf-8fcb-8bb8d81f27f1"
"6509","600","632140","158880","0","","1b8b2486-81f5-49bf-8fcb-8bb8d81f27f1"
"6510","740","632140","158881","0","","1b8b2486-81f5-49bf-8fcb-8bb8d81f27f1"
"6511","603","632140","158884","0","","1b8b2486-81f5-49bf-8fcb-8bb8d81f27f1"
"6512","8324","635033","159049","0","","1b8b2486-81f5-49bf-8fcb-8bb8d81f27f1"
"6513","740","635121","159132","0","","1b8b2486-81f5-49bf-8fcb-8bb8d81f27f1"
"6514","309669","351767","88204","0","","91b6653c-9dad-4ca0-aefa-6784fb434be7"
"6515","20436","387062","97031","0","","4b10036e-a391-4969-9905-9d1739a1c898"
"6516","63034","387103","97041","0","","4b10036e-a391-4969-9905-9d1739a1c898"
"6517","26059","387103","97061","0","","4b10036e-a391-4969-9905-9d1739a1c898"
"6518","42571","388266","97332","0","","4b10036e-a391-4969-9905-9d1739a1c898"
"6519","1674","351769","88204","0","","fe05c9e9-58cd-44c9-8e33-f55f295bcd1d"
"6520","1580","387061","97031","0","","fe05c9e9-58cd-44c9-8e33-f55f295bcd1d"
"6521","4341","387102","97041","0","","fe05c9e9-58cd-44c9-8e33-f55f295bcd1d"
"6522","2262","387182","97061","0","","fe05c9e9-58cd-44c9-8e33-f55f295bcd1d"
"6523","2223","388265","97332","0","","fe05c9e9-58cd-44c9-8e33-f55f295bcd1d"
"6524","10492","429604","107669","0","","fe05c9e9-58cd-44c9-8e33-f55f295bcd1d"
"6525","5143","445463","111635","0","","fe05c9e9-58cd-44c9-8e33-f55f295bcd1d"
"6526","1996","446932","112002","0","","fe05c9e9-58cd-44c9-8e33-f55f295bcd1d"
"6527","9856","387062","97031","0","","b1983ad1-1bf3-4f84-870d-d3158cb98a18"
"6528","8119","387060","97031","0","","4003ccf5-a4ab-4772-8519-c6272ae53e43"
"6529","7917","387060","97041","0","","4003ccf5-a4ab-4772-8519-c6272ae53e43"
"6530","3108","351767","88204","2","","e16bc830-e129-4a3c-a363-de7dfccd030f"
"6531","17278","387062","97031","2","","e16bc830-e129-4a3c-a363-de7dfccd030f"
"6532","2844","387103","97041","2","","e16bc830-e129-4a3c-a363-de7dfccd030f"
"6533","13788","387180","97061","2","","e16bc830-e129-4a3c-a363-de7dfccd030f"
"6534","1727","388267","97332","2","","e16bc830-e129-4a3c-a363-de7dfccd030f"
"6535","3381","429605","107669","2","","e16bc830-e129-4a3c-a363-de7dfccd030f"
"6536","36918","351767","88204","0","","20e76612-a4da-4a05-b9e5-5c1c68d58e09"
"6537","12247","387060","97031","0","","20e76612-a4da-4a05-b9e5-5c1c68d58e09"
"6538","17789","387060","97031","0","","20e76612-a4da-4a05-b9e5-5c1c68d58e09"
"6539","10983","387060","97031","1","","9bdc1622-32e8-4e2a-b02c-000f18853ae3"
"6540","25909","351769","88204","0","","0b0e3f8b-5df0-4daf-8b43-79838da8eb2e"
"6541","31190","351769","88204","0","","0b0e3f8b-5df0-4daf-8b43-79838da8eb2e"
"6542","32542","351769","88204","0","","0b0e3f8b-5df0-4daf-8b43-79838da8eb2e"
"6543","2626","351769","88204","1","","0b0e3f8b-5df0-4daf-8b43-79838da8eb2e"
"6544","14559","387100","97041","1","","9bdc1622-32e8-4e2a-b02c-000f18853ae3"
"6545","21138","387100","97041","0","","20e76612-a4da-4a05-b9e5-5c1c68d58e09"
"6546","29270","387060","97031","1","","0b0e3f8b-5df0-4daf-8b43-79838da8eb2e"
"6547","14012","429604","107669","1","","9bdc1622-32e8-4e2a-b02c-000f18853ae3"
"6548","18495","387100","97041","1","","0b0e3f8b-5df0-4daf-8b43-79838da8eb2e"
"6549","47697","387182","97061","0","","20e76612-a4da-4a05-b9e5-5c1c68d58e09"
"6550","15798","446930","112002","1","","9bdc1622-32e8-4e2a-b02c-000f18853ae3"
"6551","10436","446934","112003","1","","9bdc1622-32e8-4e2a-b02c-000f18853ae3"
"6552","9043","446951","112007","1","","9bdc1622-32e8-4e2a-b02c-000f18853ae3"
"6553","37848","387182","97061","1","","0b0e3f8b-5df0-4daf-8b43-79838da8eb2e"
"6554","11507","446958","112009","1","","9bdc1622-32e8-4e2a-b02c-000f18853ae3"
"6555","12449","446998","112019","1","","9bdc1622-32e8-4e2a-b02c-000f18853ae3"
"6556","6095","446998","112021","1","","9bdc1622-32e8-4e2a-b02c-000f18853ae3"
"6557","20708","388266","97332","1","","0b0e3f8b-5df0-4daf-8b43-79838da8eb2e"
"6558","19726","351766","88204","1","","961bdd3e-d3ec-4f65-b2eb-8d2bab35385e"
"6559","65670","388266","97332","0","","20e76612-a4da-4a05-b9e5-5c1c68d58e09"
"6560","8879","447036","112028","1","","9bdc1622-32e8-4e2a-b02c-000f18853ae3"
"6561","5726","447058","112034","1","","9bdc1622-32e8-4e2a-b02c-000f18853ae3"
"6562","12991","387061","97031","1","","961bdd3e-d3ec-4f65-b2eb-8d2bab35385e"
"6563","11781","429605","107669","0","","20e76612-a4da-4a05-b9e5-5c1c68d58e09"
"6564","7350","447058","112040","1","","9bdc1622-32e8-4e2a-b02c-000f18853ae3"
"6565","26006","429606","107669","1","","0b0e3f8b-5df0-4daf-8b43-79838da8eb2e"
"6566","4474","447104","112045","1","","9bdc1622-32e8-4e2a-b02c-000f18853ae3"
"6567","10355","387100","97041","1","","961bdd3e-d3ec-4f65-b2eb-8d2bab35385e"
"6568","7540","447104","112049","1","","9bdc1622-32e8-4e2a-b02c-000f18853ae3"
"6569","9536","447128","112051","1","","9bdc1622-32e8-4e2a-b02c-000f18853ae3"
"6570","15253","387183","97061","1","","961bdd3e-d3ec-4f65-b2eb-8d2bab35385e"
"6571","3652","447148","112056","1","","9bdc1622-32e8-4e2a-b02c-000f18853ae3"
"6572","5382","388264","97332","1","","961bdd3e-d3ec-4f65-b2eb-8d2bab35385e"
"6573","11887","447158","112059","1","","9bdc1622-32e8-4e2a-b02c-000f18853ae3"
"6574","10869","429606","107669","1","","961bdd3e-d3ec-4f65-b2eb-8d2bab35385e"
"6575","37298","445464","111635","1","","0b0e3f8b-5df0-4daf-8b43-79838da8eb2e"
"6576","1392","447158","112065","1","","9bdc1622-32e8-4e2a-b02c-000f18853ae3"
"6577","7068","447205","112071","1","","9bdc1622-32e8-4e2a-b02c-000f18853ae3"
"6578","10131","445463","111635","1","","961bdd3e-d3ec-4f65-b2eb-8d2bab35385e"
"6579","6192","447219","112074","1","","9bdc1622-32e8-4e2a-b02c-000f18853ae3"
"6580","5575","447256","112083","1","","9bdc1622-32e8-4e2a-b02c-000f18853ae3"
"6581","13578","446929","112002","1","","961bdd3e-d3ec-4f65-b2eb-8d2bab35385e"
"6582","5372","447256","112090","1","","9bdc1622-32e8-4e2a-b02c-000f18853ae3"
"6583","7295","447256","112098","1","","9bdc1622-32e8-4e2a-b02c-000f18853ae3"
"6584","10277","446935","112003","1","","961bdd3e-d3ec-4f65-b2eb-8d2bab35385e"
"6585","1733","447256","112100","1","","9bdc1622-32e8-4e2a-b02c-000f18853ae3"
"6586","851","447256","113460","1","","9bdc1622-32e8-4e2a-b02c-000f18853ae3"
"6587","5533","446951","112007","1","","961bdd3e-d3ec-4f65-b2eb-8d2bab35385e"
"6588","10377","455266","114087","1","","9bdc1622-32e8-4e2a-b02c-000f18853ae3"
"6589","6812","446957","112009","1","","961bdd3e-d3ec-4f65-b2eb-8d2bab35385e"
"6590","91510","445461","111635","0","","20e76612-a4da-4a05-b9e5-5c1c68d58e09"
"6591","5093","455429","114128","1","","9bdc1622-32e8-4e2a-b02c-000f18853ae3"
"6592","9296","447000","112019","1","","961bdd3e-d3ec-4f65-b2eb-8d2bab35385e"
"6593","4213","447007","112021","1","","961bdd3e-d3ec-4f65-b2eb-8d2bab35385e"
"6594","4162","447026","112026","1","","961bdd3e-d3ec-4f65-b2eb-8d2bab35385e"
"6595","7963","512669","128446","1","","9bdc1622-32e8-4e2a-b02c-000f18853ae3"
"6596","5211","524138","131314","1","","9bdc1622-32e8-4e2a-b02c-000f18853ae3"
"6597","8261","447031","112027","1","","961bdd3e-d3ec-4f65-b2eb-8d2bab35385e"
"6598","72425","446929","112002","1","","0b0e3f8b-5df0-4daf-8b43-79838da8eb2e"
"6599","3500","547661","137196","1","","9bdc1622-32e8-4e2a-b02c-000f18853ae3"
"6600","3508","447034","112028","1","","961bdd3e-d3ec-4f65-b2eb-8d2bab35385e"
"6601","5269","447060","112034","1","","961bdd3e-d3ec-4f65-b2eb-8d2bab35385e"
"6602","7304","559201","140082","1","","9bdc1622-32e8-4e2a-b02c-000f18853ae3"
"6603","36267","446931","112002","0","","20e76612-a4da-4a05-b9e5-5c1c68d58e09"
"6604","6641","447084","112040","1","","961bdd3e-d3ec-4f65-b2eb-8d2bab35385e"
"6605","3632","447103","112045","1","","961bdd3e-d3ec-4f65-b2eb-8d2bab35385e"
"6606","5493","447117","112049","1","","961bdd3e-d3ec-4f65-b2eb-8d2bab35385e"
"6607","4677","447128","112051","1","","961bdd3e-d3ec-4f65-b2eb-8d2bab35385e"
"6608","6312","447147","112056","1","","961bdd3e-d3ec-4f65-b2eb-8d2bab35385e"
"6609","6112","447158","112059","1","","961bdd3e-d3ec-4f65-b2eb-8d2bab35385e"
"6610","4781","560911","140509","1","","9bdc1622-32e8-4e2a-b02c-000f18853ae3"
"6611","7888","447184","112065","1","","961bdd3e-d3ec-4f65-b2eb-8d2bab35385e"
"6612","3556","560911","144630","1","","9bdc1622-32e8-4e2a-b02c-000f18853ae3"
"6613","4884","447206","112071","1","","961bdd3e-d3ec-4f65-b2eb-8d2bab35385e"
"6614","5711","577478","144658","1","","9bdc1622-32e8-4e2a-b02c-000f18853ae3"
"6615","4146","447220","112074","1","","961bdd3e-d3ec-4f65-b2eb-8d2bab35385e"
"6616","59394","446934","112003","1","","0b0e3f8b-5df0-4daf-8b43-79838da8eb2e"
"6617","8176","577625","144694","1","","9bdc1622-32e8-4e2a-b02c-000f18853ae3"
"6618","11007","447254","112083","1","","961bdd3e-d3ec-4f65-b2eb-8d2bab35385e"
"6619","58258","446934","112003","0","","20e76612-a4da-4a05-b9e5-5c1c68d58e09"
"6620","9555","577770","144731","1","","9bdc1622-32e8-4e2a-b02c-000f18853ae3"
"6621","8116","447281","112090","1","","961bdd3e-d3ec-4f65-b2eb-8d2bab35385e"
"6622","4005","578083","144809","1","","9bdc1622-32e8-4e2a-b02c-000f18853ae3"
"6623","6101","447316","112098","1","","961bdd3e-d3ec-4f65-b2eb-8d2bab35385e"
"6624","5505","578137","144822","1","","9bdc1622-32e8-4e2a-b02c-000f18853ae3"
"6625","7013","447322","112100","1","","961bdd3e-d3ec-4f65-b2eb-8d2bab35385e"
"6626","7600","582433","145896","1","","9bdc1622-32e8-4e2a-b02c-000f18853ae3"
"6627","5882","452763","113460","1","","961bdd3e-d3ec-4f65-b2eb-8d2bab35385e"
"6628","2710","455265","114087","1","","961bdd3e-d3ec-4f65-b2eb-8d2bab35385e"
"6629","7055","455431","114128","1","","961bdd3e-d3ec-4f65-b2eb-8d2bab35385e"
"6630","21139","482187","120824","1","","961bdd3e-d3ec-4f65-b2eb-8d2bab35385e"
"6631","7415","512537","128413","1","","961bdd3e-d3ec-4f65-b2eb-8d2bab35385e"
"6632","78304","446952","112007","1","","0b0e3f8b-5df0-4daf-8b43-79838da8eb2e"
"6633","1708","512668","128446","1","","961bdd3e-d3ec-4f65-b2eb-8d2bab35385e"
"6634","3931","524138","131314","1","","961bdd3e-d3ec-4f65-b2eb-8d2bab35385e"
"6635","2389","547661","137196","1","","961bdd3e-d3ec-4f65-b2eb-8d2bab35385e"
"6636","2454","558419","139886","1","","961bdd3e-d3ec-4f65-b2eb-8d2bab35385e"
"6637","9644","446958","112009","1","","0b0e3f8b-5df0-4daf-8b43-79838da8eb2e"
"6638","2100","559202","140082","1","","961bdd3e-d3ec-4f65-b2eb-8d2bab35385e"
"6639","1020","560821","140487","1","","961bdd3e-d3ec-4f65-b2eb-8d2bab35385e"
"6640","80655","446952","112007","0","","20e76612-a4da-4a05-b9e5-5c1c68d58e09"
"6641","3899","560908","140509","1","","961bdd3e-d3ec-4f65-b2eb-8d2bab35385e"
"6642","6899","446957","112009","0","","20e76612-a4da-4a05-b9e5-5c1c68d58e09"
"6643","4506","577083","144559","1","","961bdd3e-d3ec-4f65-b2eb-8d2bab35385e"
"6644","4220","577368","144630","1","","961bdd3e-d3ec-4f65-b2eb-8d2bab35385e"
"6645","8745","577478","144658","1","","961bdd3e-d3ec-4f65-b2eb-8d2bab35385e"
"6646","2412","577624","144694","1","","961bdd3e-d3ec-4f65-b2eb-8d2bab35385e"
"6647","30535","446997","112019","1","","0b0e3f8b-5df0-4daf-8b43-79838da8eb2e"
"6648","3542","577770","144731","1","","961bdd3e-d3ec-4f65-b2eb-8d2bab35385e"
"6649","2734","578084","144809","1","","961bdd3e-d3ec-4f65-b2eb-8d2bab35385e"
"6650","3875","578134","144822","1","","961bdd3e-d3ec-4f65-b2eb-8d2bab35385e"
"6651","3287","582432","145896","1","","961bdd3e-d3ec-4f65-b2eb-8d2bab35385e"
"6652","10534","447007","112021","1","","0b0e3f8b-5df0-4daf-8b43-79838da8eb2e"
"6653","1202","582619","145943","1","","961bdd3e-d3ec-4f65-b2eb-8d2bab35385e"
"6654","783","582634","145947","1","","961bdd3e-d3ec-4f65-b2eb-8d2bab35385e"
"6655","792","582648","145950","1","","961bdd3e-d3ec-4f65-b2eb-8d2bab35385e"
"6656","908","582702","145964","1","","961bdd3e-d3ec-4f65-b2eb-8d2bab35385e"
"6657","1884","582719","145968","1","","961bdd3e-d3ec-4f65-b2eb-8d2bab35385e"
"6658","1285","583932","146271","1","","961bdd3e-d3ec-4f65-b2eb-8d2bab35385e"
"6659","955","584026","146295","1","","961bdd3e-d3ec-4f65-b2eb-8d2bab35385e"
"6660","1107","584108","146315","1","","961bdd3e-d3ec-4f65-b2eb-8d2bab35385e"
"6661","1275","584181","146333","1","","961bdd3e-d3ec-4f65-b2eb-8d2bab35385e"
"6662","1043","584211","146341","1","","961bdd3e-d3ec-4f65-b2eb-8d2bab35385e"
"6663","1186","589110","147569","1","","961bdd3e-d3ec-4f65-b2eb-8d2bab35385e"
"6664","1175","607845","152252","1","","961bdd3e-d3ec-4f65-b2eb-8d2bab35385e"
"6665","882","608623","152447","1","","961bdd3e-d3ec-4f65-b2eb-8d2bab35385e"
"6666","1062","608642","152452","1","","961bdd3e-d3ec-4f65-b2eb-8d2bab35385e"
"6667","917","610496","152915","1","","961bdd3e-d3ec-4f65-b2eb-8d2bab35385e"
"6668","965","610540","152926","1","","961bdd3e-d3ec-4f65-b2eb-8d2bab35385e"
"6669","945","631430","158149","1","","961bdd3e-d3ec-4f65-b2eb-8d2bab35385e"
"6670","19530","447025","112026","1","","0b0e3f8b-5df0-4daf-8b43-79838da8eb2e"
"6671","1056","631434","158150","1","","961bdd3e-d3ec-4f65-b2eb-8d2bab35385e"
"6672","51544","446999","112019","0","","20e76612-a4da-4a05-b9e5-5c1c68d58e09"
"6673","1533","631461","158156","1","","961bdd3e-d3ec-4f65-b2eb-8d2bab35385e"
"6674","1176","631477","158160","1","","961bdd3e-d3ec-4f65-b2eb-8d2bab35385e"
"6675","920","631480","158161","1","","961bdd3e-d3ec-4f65-b2eb-8d2bab35385e"
"6676","1057","631494","158165","1","","961bdd3e-d3ec-4f65-b2eb-8d2bab35385e"
"6677","991","631527","158173","1","","961bdd3e-d3ec-4f65-b2eb-8d2bab35385e"
"6678","1282","631544","158177","1","","961bdd3e-d3ec-4f65-b2eb-8d2bab35385e"
"6679","1557","631548","158178","1","","961bdd3e-d3ec-4f65-b2eb-8d2bab35385e"
"6680","1121","631554","158180","1","","961bdd3e-d3ec-4f65-b2eb-8d2bab35385e"
"6681","880","632032","158299","1","","961bdd3e-d3ec-4f65-b2eb-8d2bab35385e"
"6682","959","632047","158303","1","","961bdd3e-d3ec-4f65-b2eb-8d2bab35385e"
"6683","984","632140","158326","1","","961bdd3e-d3ec-4f65-b2eb-8d2bab35385e"
"6684","12403","447005","112021","0","","20e76612-a4da-4a05-b9e5-5c1c68d58e09"
"6685","1332","632263","158357","1","","961bdd3e-d3ec-4f65-b2eb-8d2bab35385e"
"6686","998","632284","158362","1","","961bdd3e-d3ec-4f65-b2eb-8d2bab35385e"
"6687","1031","632289","158363","1","","961bdd3e-d3ec-4f65-b2eb-8d2bab35385e"
"6688","859","632292","158364","1","","961bdd3e-d3ec-4f65-b2eb-8d2bab35385e"
"6689","957","632306","158368","1","","961bdd3e-d3ec-4f65-b2eb-8d2bab35385e"
"6690","988","632306","158372","1","","961bdd3e-d3ec-4f65-b2eb-8d2bab35385e"
"6691","1088","632336","158375","1","","961bdd3e-d3ec-4f65-b2eb-8d2bab35385e"
"6692","774","632349","158378","1","","961bdd3e-d3ec-4f65-b2eb-8d2bab35385e"
"6693","923","634355","158880","1","","961bdd3e-d3ec-4f65-b2eb-8d2bab35385e"
"6694","957","634358","158881","1","","961bdd3e-d3ec-4f65-b2eb-8d2bab35385e"
"6695","979","634371","158884","1","","961bdd3e-d3ec-4f65-b2eb-8d2bab35385e"
"6696","901","634380","158886","1","","961bdd3e-d3ec-4f65-b2eb-8d2bab35385e"
"6697","899","635033","159049","1","","961bdd3e-d3ec-4f65-b2eb-8d2bab35385e"
"6698","899","635034","159050","1","","961bdd3e-d3ec-4f65-b2eb-8d2bab35385e"
"6699","990","635071","159059","1","","961bdd3e-d3ec-4f65-b2eb-8d2bab35385e"
"6700","30246","447029","112027","1","","0b0e3f8b-5df0-4daf-8b43-79838da8eb2e"
"6701","898","635091","159064","1","","961bdd3e-d3ec-4f65-b2eb-8d2bab35385e"
"6702","1032","635100","159066","1","","961bdd3e-d3ec-4f65-b2eb-8d2bab35385e"
"6703","1106","635118","159071","1","","961bdd3e-d3ec-4f65-b2eb-8d2bab35385e"
"6704","1136","635125","159072","1","","961bdd3e-d3ec-4f65-b2eb-8d2bab35385e"
"6705","1182","635130","159074","1","","961bdd3e-d3ec-4f65-b2eb-8d2bab35385e"
"6706","1103","635364","159132","1","","961bdd3e-d3ec-4f65-b2eb-8d2bab35385e"
"6707","1137","517","130","1","","961bdd3e-d3ec-4f65-b2eb-8d2bab35385e"
"6708","1119","1700","425","1","","961bdd3e-d3ec-4f65-b2eb-8d2bab35385e"
"6709","986","2592","648","1","","961bdd3e-d3ec-4f65-b2eb-8d2bab35385e"
"6710","829","5562","1391","1","","961bdd3e-d3ec-4f65-b2eb-8d2bab35385e"
"6711","1048","5590","1398","1","","961bdd3e-d3ec-4f65-b2eb-8d2bab35385e"
"6712","1517","5889","1473","1","","961bdd3e-d3ec-4f65-b2eb-8d2bab35385e"
"6713","1089","6236","1559","1","","961bdd3e-d3ec-4f65-b2eb-8d2bab35385e"
"6714","881","10158","2540","1","","961bdd3e-d3ec-4f65-b2eb-8d2bab35385e"
"6715","752","25518","6380","1","","961bdd3e-d3ec-4f65-b2eb-8d2bab35385e"
"6716","1042","25979","6495","1","","961bdd3e-d3ec-4f65-b2eb-8d2bab35385e"
"6717","902","30219","7555","1","","961bdd3e-d3ec-4f65-b2eb-8d2bab35385e"
"6718","867","31696","7924","1","","961bdd3e-d3ec-4f65-b2eb-8d2bab35385e"
"6719","985","33322","8331","1","","961bdd3e-d3ec-4f65-b2eb-8d2bab35385e"
"6720","841","34224","8557","1","","961bdd3e-d3ec-4f65-b2eb-8d2bab35385e"
"6721","22139","447036","112028","1","","0b0e3f8b-5df0-4daf-8b43-79838da8eb2e"
"6722","980","34324","8582","1","","961bdd3e-d3ec-4f65-b2eb-8d2bab35385e"
"6723","951","134800","33704","1","","961bdd3e-d3ec-4f65-b2eb-8d2bab35385e"
"6724","830","140404","35106","1","","961bdd3e-d3ec-4f65-b2eb-8d2bab35385e"
"6725","1441","140646","35167","1","","961bdd3e-d3ec-4f65-b2eb-8d2bab35385e"
"6726","9235","159634","39937","1","","961bdd3e-d3ec-4f65-b2eb-8d2bab35385e"
"6727","11566","183186","45906","1","","961bdd3e-d3ec-4f65-b2eb-8d2bab35385e"
"6728","2947","183186","76132","1","","961bdd3e-d3ec-4f65-b2eb-8d2bab35385e"
"6729","73283","447025","112026","0","","20e76612-a4da-4a05-b9e5-5c1c68d58e09"
"6730","8966","303694","76173","1","","961bdd3e-d3ec-4f65-b2eb-8d2bab35385e"
"6731","37374","447058","112034","1","","0b0e3f8b-5df0-4daf-8b43-79838da8eb2e"
"6732","2499","303733","76183","1","","961bdd3e-d3ec-4f65-b2eb-8d2bab35385e"
"6733","10350","304725","76431","1","","961bdd3e-d3ec-4f65-b2eb-8d2bab35385e"
"6734","15065","447031","112027","0","","20e76612-a4da-4a05-b9e5-5c1c68d58e09"
"6735","1077","306947","76987","1","","961bdd3e-d3ec-4f65-b2eb-8d2bab35385e"
"6736","987","307238","77059","1","","961bdd3e-d3ec-4f65-b2eb-8d2bab35385e"
"6737","1095","307571","77143","1","","961bdd3e-d3ec-4f65-b2eb-8d2bab35385e"
"6738","1403","307771","77193","1","","961bdd3e-d3ec-4f65-b2eb-8d2bab35385e"
"6739","1103","307840","77210","1","","961bdd3e-d3ec-4f65-b2eb-8d2bab35385e"
"6740","1505","308117","77279","1","","961bdd3e-d3ec-4f65-b2eb-8d2bab35385e"
"6741","1084","308820","77455","1","","961bdd3e-d3ec-4f65-b2eb-8d2bab35385e"
"6742","1218","308863","77466","1","","961bdd3e-d3ec-4f65-b2eb-8d2bab35385e"
"6743","937","308893","77473","1","","961bdd3e-d3ec-4f65-b2eb-8d2bab35385e"
"6744","7147","310708","77913","1","","961bdd3e-d3ec-4f65-b2eb-8d2bab35385e"
"6745","1164","310772","77929","1","","961bdd3e-d3ec-4f65-b2eb-8d2bab35385e"
"6746","1139","310874","77953","1","","961bdd3e-d3ec-4f65-b2eb-8d2bab35385e"
"6747","1069","310884","77956","1","","961bdd3e-d3ec-4f65-b2eb-8d2bab35385e"
"6748","840","310904","77961","1","","961bdd3e-d3ec-4f65-b2eb-8d2bab35385e"
"6749","882","310908","77962","1","","961bdd3e-d3ec-4f65-b2eb-8d2bab35385e"
"6750","1220","310973","77978","1","","961bdd3e-d3ec-4f65-b2eb-8d2bab35385e"
"6751","963","311063","77998","1","","961bdd3e-d3ec-4f65-b2eb-8d2bab35385e"
"6752","38703","447083","112040","1","","0b0e3f8b-5df0-4daf-8b43-79838da8eb2e"
"6753","25753","447036","112028","0","","20e76612-a4da-4a05-b9e5-5c1c68d58e09"
"6754","1120","311110","78009","1","","961bdd3e-d3ec-4f65-b2eb-8d2bab35385e"
"6755","801","370922","92993","1","","961bdd3e-d3ec-4f65-b2eb-8d2bab35385e"
"6756","960","373495","93639","1","","961bdd3e-d3ec-4f65-b2eb-8d2bab35385e"
"6757","912","404892","101489","1","","961bdd3e-d3ec-4f65-b2eb-8d2bab35385e"
"6758","1152","405425","101622","1","","961bdd3e-d3ec-4f65-b2eb-8d2bab35385e"
"6759","917","405518","101645","1","","961bdd3e-d3ec-4f65-b2eb-8d2bab35385e"
"6760","894","405856","101730","1","","961bdd3e-d3ec-4f65-b2eb-8d2bab35385e"
"6761","1104","406218","101820","1","","961bdd3e-d3ec-4f65-b2eb-8d2bab35385e"
"6762","891","408232","102324","1","","961bdd3e-d3ec-4f65-b2eb-8d2bab35385e"
"6763","829","408394","102364","1","","961bdd3e-d3ec-4f65-b2eb-8d2bab35385e"
"6764","735","420583","105411","1","","961bdd3e-d3ec-4f65-b2eb-8d2bab35385e"
"6765","910","420700","105441","1","","961bdd3e-d3ec-4f65-b2eb-8d2bab35385e"
"6766","857","421493","105639","1","","961bdd3e-d3ec-4f65-b2eb-8d2bab35385e"
"6767","736","421741","105701","1","","961bdd3e-d3ec-4f65-b2eb-8d2bab35385e"
"6768","14190","447104","112045","1","","0b0e3f8b-5df0-4daf-8b43-79838da8eb2e"
"6769","781","423509","106143","1","","961bdd3e-d3ec-4f65-b2eb-8d2bab35385e"
"6770","785","429591","107666","1","","961bdd3e-d3ec-4f65-b2eb-8d2bab35385e"
"6771","955","430401","107868","1","","961bdd3e-d3ec-4f65-b2eb-8d2bab35385e"
"6772","1033","430851","107981","1","","961bdd3e-d3ec-4f65-b2eb-8d2bab35385e"
"6773","931","433293","108592","1","","961bdd3e-d3ec-4f65-b2eb-8d2bab35385e"
"6774","863","433452","108632","1","","961bdd3e-d3ec-4f65-b2eb-8d2bab35385e"
"6775","1000","433502","108645","1","","961bdd3e-d3ec-4f65-b2eb-8d2bab35385e"
"6776","882","442636","110928","1","","961bdd3e-d3ec-4f65-b2eb-8d2bab35385e"
"6777","853","443337","111104","1","","961bdd3e-d3ec-4f65-b2eb-8d2bab35385e"
"6778","975","447705","112196","1","","961bdd3e-d3ec-4f65-b2eb-8d2bab35385e"
"6779","874","451782","113215","1","","961bdd3e-d3ec-4f65-b2eb-8d2bab35385e"
"6780","771","452040","113279","1","","961bdd3e-d3ec-4f65-b2eb-8d2bab35385e"
"6781","787","464306","116347","1","","961bdd3e-d3ec-4f65-b2eb-8d2bab35385e"
"6782","784","464511","116398","1","","961bdd3e-d3ec-4f65-b2eb-8d2bab35385e"
"6783","12625","447118","112049","1","","0b0e3f8b-5df0-4daf-8b43-79838da8eb2e"
"6784","1003","464943","116508","1","","961bdd3e-d3ec-4f65-b2eb-8d2bab35385e"
"6785","937","468544","117409","1","","961bdd3e-d3ec-4f65-b2eb-8d2bab35385e"
"6786","919","469109","117550","1","","961bdd3e-d3ec-4f65-b2eb-8d2bab35385e"
"6787","843","469725","117709","1","","961bdd3e-d3ec-4f65-b2eb-8d2bab35385e"
"6788","1008","469725","117838","1","","961bdd3e-d3ec-4f65-b2eb-8d2bab35385e"
"6789","950","472536","118412","1","","961bdd3e-d3ec-4f65-b2eb-8d2bab35385e"
"6790","822","472759","118467","1","","961bdd3e-d3ec-4f65-b2eb-8d2bab35385e"
"6791","868","475419","119132","1","","961bdd3e-d3ec-4f65-b2eb-8d2bab35385e"
"6792","835","475632","119186","1","","961bdd3e-d3ec-4f65-b2eb-8d2bab35385e"
"6793","865","482426","120884","1","","961bdd3e-d3ec-4f65-b2eb-8d2bab35385e"
"6794","729","482484","120899","1","","961bdd3e-d3ec-4f65-b2eb-8d2bab35385e"
"6795","872","482699","120952","1","","961bdd3e-d3ec-4f65-b2eb-8d2bab35385e"
"6796","928","484733","121461","1","","961bdd3e-d3ec-4f65-b2eb-8d2bab35385e"
"6797","842","507188","127076","1","","961bdd3e-d3ec-4f65-b2eb-8d2bab35385e"
"6798","709","509362","127619","1","","961bdd3e-d3ec-4f65-b2eb-8d2bab35385e"
"6799","816","509613","127682","1","","961bdd3e-d3ec-4f65-b2eb-8d2bab35385e"
"6800","844","509906","127755","1","","961bdd3e-d3ec-4f65-b2eb-8d2bab35385e"
"6801","1019","510196","127828","1","","961bdd3e-d3ec-4f65-b2eb-8d2bab35385e"
"6802","851","512936","128513","1","","961bdd3e-d3ec-4f65-b2eb-8d2bab35385e"
"6803","866","525122","131560","1","","961bdd3e-d3ec-4f65-b2eb-8d2bab35385e"
"6804","973","531345","133116","1","","961bdd3e-d3ec-4f65-b2eb-8d2bab35385e"
"6805","1416","531506","133156","1","","961bdd3e-d3ec-4f65-b2eb-8d2bab35385e"
"6806","50167","447058","112034","0","","20e76612-a4da-4a05-b9e5-5c1c68d58e09"
"6807","3083","531705","133206","1","","961bdd3e-d3ec-4f65-b2eb-8d2bab35385e"
"6808","900","533832","133738","1","","961bdd3e-d3ec-4f65-b2eb-8d2bab35385e"
"6809","911","534335","133863","1","","961bdd3e-d3ec-4f65-b2eb-8d2bab35385e"
"6810","1259","536441","134390","1","","961bdd3e-d3ec-4f65-b2eb-8d2bab35385e"
"6811","807","536441","139050","1","","961bdd3e-d3ec-4f65-b2eb-8d2bab35385e"
"6812","801","1695","191551","1","","961bdd3e-d3ec-4f65-b2eb-8d2bab35385e"
"6813","834","482397","194213","1","","961bdd3e-d3ec-4f65-b2eb-8d2bab35385e"
"6814","809","482404","194214","1","","961bdd3e-d3ec-4f65-b2eb-8d2bab35385e"
"6815","31696","447128","112051","1","","0b0e3f8b-5df0-4daf-8b43-79838da8eb2e"
"6816","843","482747","194220","1","","961bdd3e-d3ec-4f65-b2eb-8d2bab35385e"
"6817","9578","447083","112040","0","","20e76612-a4da-4a05-b9e5-5c1c68d58e09"
"6818","6495","447104","112045","0","","20e76612-a4da-4a05-b9e5-5c1c68d58e09"
"6819","14571","447148","112056","1","","0b0e3f8b-5df0-4daf-8b43-79838da8eb2e"
"6820","29032","447158","112059","1","","0b0e3f8b-5df0-4daf-8b43-79838da8eb2e"
"6821","47280","447117","112049","0","","20e76612-a4da-4a05-b9e5-5c1c68d58e09"
"6822","15429","447183","112065","1","","0b0e3f8b-5df0-4daf-8b43-79838da8eb2e"
"6823","6884","447205","112071","1","","0b0e3f8b-5df0-4daf-8b43-79838da8eb2e"
"6824","28788","447126","112051","0","","20e76612-a4da-4a05-b9e5-5c1c68d58e09"
"6825","51483","447219","112074","1","","0b0e3f8b-5df0-4daf-8b43-79838da8eb2e"
"6826","38935","447146","112056","0","","20e76612-a4da-4a05-b9e5-5c1c68d58e09"
"6827","52794","447255","112083","1","","0b0e3f8b-5df0-4daf-8b43-79838da8eb2e"
"6828","57768","447157","112059","0","","20e76612-a4da-4a05-b9e5-5c1c68d58e09"
"6829","18200","447282","112090","1","","0b0e3f8b-5df0-4daf-8b43-79838da8eb2e"
"6830","26572","447316","112098","1","","0b0e3f8b-5df0-4daf-8b43-79838da8eb2e"
"6831","28320","447322","112100","1","","0b0e3f8b-5df0-4daf-8b43-79838da8eb2e"
"6832","66615","447182","112065","0","","20e76612-a4da-4a05-b9e5-5c1c68d58e09"
"6833","8567","447205","112071","0","","20e76612-a4da-4a05-b9e5-5c1c68d58e09"
"6834","9324","447219","112074","0","","20e76612-a4da-4a05-b9e5-5c1c68d58e09"
"6835","15951","447254","112083","0","","20e76612-a4da-4a05-b9e5-5c1c68d58e09"
"6836","63611","452762","113460","1","","0b0e3f8b-5df0-4daf-8b43-79838da8eb2e"
"6837","17023","455265","114087","1","","0b0e3f8b-5df0-4daf-8b43-79838da8eb2e"
"6838","14616","455432","114128","1","","0b0e3f8b-5df0-4daf-8b43-79838da8eb2e"
"6839","15629","482187","120824","1","","0b0e3f8b-5df0-4daf-8b43-79838da8eb2e"
"6840","77102","447282","112090","0","","20e76612-a4da-4a05-b9e5-5c1c68d58e09"
"6841","29337","447314","112098","0","","20e76612-a4da-4a05-b9e5-5c1c68d58e09"
"6842","61638","512537","128413","1","","0b0e3f8b-5df0-4daf-8b43-79838da8eb2e"
"6843","22331","512671","128446","1","","0b0e3f8b-5df0-4daf-8b43-79838da8eb2e"
"6844","55190","447322","112100","0","","20e76612-a4da-4a05-b9e5-5c1c68d58e09"
"6845","6864","452763","113460","0","","20e76612-a4da-4a05-b9e5-5c1c68d58e09"
"6846","27259","524136","131314","1","","0b0e3f8b-5df0-4daf-8b43-79838da8eb2e"
"6847","51718","547663","137196","1","","0b0e3f8b-5df0-4daf-8b43-79838da8eb2e"
"6848","89739","455266","114087","0","","20e76612-a4da-4a05-b9e5-5c1c68d58e09"
"6849","2949","455430","114128","0","","20e76612-a4da-4a05-b9e5-5c1c68d58e09"
"6850","4201","482186","120824","0","","20e76612-a4da-4a05-b9e5-5c1c68d58e09"
"6851","39349","558419","139886","1","","0b0e3f8b-5df0-4daf-8b43-79838da8eb2e"
"6852","23933","512538","128413","0","","20e76612-a4da-4a05-b9e5-5c1c68d58e09"
"6853","18473","559203","140082","1","","0b0e3f8b-5df0-4daf-8b43-79838da8eb2e"
"6854","14710","512669","128446","0","","20e76612-a4da-4a05-b9e5-5c1c68d58e09"
"6855","10352","560822","140487","1","","0b0e3f8b-5df0-4daf-8b43-79838da8eb2e"
"6856","16948","560908","140509","1","","0b0e3f8b-5df0-4daf-8b43-79838da8eb2e"
"6857","41118","524138","131314","0","","20e76612-a4da-4a05-b9e5-5c1c68d58e09"
"6858","23423","577084","144559","1","","0b0e3f8b-5df0-4daf-8b43-79838da8eb2e"
"6859","9600","547664","137196","0","","20e76612-a4da-4a05-b9e5-5c1c68d58e09"
"6860","9099","577369","144630","1","","0b0e3f8b-5df0-4daf-8b43-79838da8eb2e"
"6861","5806","577479","144658","1","","0b0e3f8b-5df0-4daf-8b43-79838da8eb2e"
"6862","10717","577623","144694","1","","0b0e3f8b-5df0-4daf-8b43-79838da8eb2e"
"6863","6360","577770","144731","1","","0b0e3f8b-5df0-4daf-8b43-79838da8eb2e"
"6864","3219","578084","144809","1","","0b0e3f8b-5df0-4daf-8b43-79838da8eb2e"
"6865","13619","578135","144822","1","","0b0e3f8b-5df0-4daf-8b43-79838da8eb2e"
"6866","26298","351767","88204","0","","e1669e25-e920-4cef-9d49-3cbc189c548c"
"6867","3344","387062","97031","0","","e1669e25-e920-4cef-9d49-3cbc189c548c"
"6868","5073","387101","97041","0","","e1669e25-e920-4cef-9d49-3cbc189c548c"
"6869","1400","387101","97061","0","","e1669e25-e920-4cef-9d49-3cbc189c548c"
"6870","13655","582433","145896","1","","0b0e3f8b-5df0-4daf-8b43-79838da8eb2e"
"6871","3681","388265","97332","0","","e1669e25-e920-4cef-9d49-3cbc189c548c"
"6872","57113","558419","139886","0","","20e76612-a4da-4a05-b9e5-5c1c68d58e09"
"6873","4888","429604","107669","0","","e1669e25-e920-4cef-9d49-3cbc189c548c"
"6874","3430","445464","111635","0","","e1669e25-e920-4cef-9d49-3cbc189c548c"
"6875","4637","446932","112002","0","","e1669e25-e920-4cef-9d49-3cbc189c548c"
"6876","17978","582618","145943","1","","0b0e3f8b-5df0-4daf-8b43-79838da8eb2e"
"6877","12030","582618","145947","1","","0b0e3f8b-5df0-4daf-8b43-79838da8eb2e"
"6878","1327","582702","145964","1","","0b0e3f8b-5df0-4daf-8b43-79838da8eb2e"
"6879","59049","559203","140082","0","","20e76612-a4da-4a05-b9e5-5c1c68d58e09"
"6880","3378","560820","140487","0","","20e76612-a4da-4a05-b9e5-5c1c68d58e09"
"6881","15484","560910","140509","0","","20e76612-a4da-4a05-b9e5-5c1c68d58e09"
"6882","122175","577084","144559","0","","20e76612-a4da-4a05-b9e5-5c1c68d58e09"
"6883","1489","577368","144630","0","","20e76612-a4da-4a05-b9e5-5c1c68d58e09"
"6884","4010","577478","144658","0","","20e76612-a4da-4a05-b9e5-5c1c68d58e09"
"6885","1978","577625","144694","0","","20e76612-a4da-4a05-b9e5-5c1c68d58e09"
"6886","66723","577772","144731","0","","20e76612-a4da-4a05-b9e5-5c1c68d58e09"
"6887","1434","578084","144809","0","","20e76612-a4da-4a05-b9e5-5c1c68d58e09"
"6888","1386","578135","144822","0","","20e76612-a4da-4a05-b9e5-5c1c68d58e09"
"6889","1965","582431","145896","0","","20e76612-a4da-4a05-b9e5-5c1c68d58e09"
"6890","1822","582619","145943","0","","20e76612-a4da-4a05-b9e5-5c1c68d58e09"
"6891","1471","582636","145947","0","","20e76612-a4da-4a05-b9e5-5c1c68d58e09"
"6892","174","582636","145950","0","","20e76612-a4da-4a05-b9e5-5c1c68d58e09"
"6893","4552","582703","145964","0","","20e76612-a4da-4a05-b9e5-5c1c68d58e09"
"6894","2231","582718","145968","0","","20e76612-a4da-4a05-b9e5-5c1c68d58e09"
"6895","1861","583932","146271","0","","20e76612-a4da-4a05-b9e5-5c1c68d58e09"
"6896","1551","584027","146295","0","","20e76612-a4da-4a05-b9e5-5c1c68d58e09"
"6897","13279","584107","146315","0","","20e76612-a4da-4a05-b9e5-5c1c68d58e09"
"6898","10579","584180","146333","0","","20e76612-a4da-4a05-b9e5-5c1c68d58e09"
"6899","15172","584212","146341","0","","20e76612-a4da-4a05-b9e5-5c1c68d58e09"
"6900","2311","589112","147569","0","","20e76612-a4da-4a05-b9e5-5c1c68d58e09"
"6901","6809","607844","152252","0","","20e76612-a4da-4a05-b9e5-5c1c68d58e09"
"6902","86271","351766","88204","1","","c9adc79b-2cab-4868-95be-dcfa6f8f6cd1"
"6903","41414","608624","152447","0","","20e76612-a4da-4a05-b9e5-5c1c68d58e09"
"6904","24690","387062","97031","1","","c9adc79b-2cab-4868-95be-dcfa6f8f6cd1"
"6905","24186","608642","152452","0","","20e76612-a4da-4a05-b9e5-5c1c68d58e09"
"6906","14965","610496","152915","0","","20e76612-a4da-4a05-b9e5-5c1c68d58e09"
"6907","2368","610539","152926","0","","20e76612-a4da-4a05-b9e5-5c1c68d58e09"
"6908","51856","387100","97041","1","","c9adc79b-2cab-4868-95be-dcfa6f8f6cd1"
"6909","19768","631430","158149","0","","20e76612-a4da-4a05-b9e5-5c1c68d58e09"
"6910","1931","631437","158150","0","","20e76612-a4da-4a05-b9e5-5c1c68d58e09"
"6911","16526","631460","158156","0","","20e76612-a4da-4a05-b9e5-5c1c68d58e09"
"6912","13509","631475","158160","0","","20e76612-a4da-4a05-b9e5-5c1c68d58e09"
"6913","45258","387182","97061","1","","c9adc79b-2cab-4868-95be-dcfa6f8f6cd1"
"6914","15619","631481","158161","0","","20e76612-a4da-4a05-b9e5-5c1c68d58e09"
"6915","11581","631495","158165","0","","20e76612-a4da-4a05-b9e5-5c1c68d58e09"
"6916","19428","388266","97332","1","","c9adc79b-2cab-4868-95be-dcfa6f8f6cd1"
"6917","8075","631527","158173","0","","20e76612-a4da-4a05-b9e5-5c1c68d58e09"
"6918","21064","631542","158177","0","","20e76612-a4da-4a05-b9e5-5c1c68d58e09"
"6919","39789","429604","107669","1","","c9adc79b-2cab-4868-95be-dcfa6f8f6cd1"
"6920","38808","631547","158178","0","","20e76612-a4da-4a05-b9e5-5c1c68d58e09"
"6921","30113","445461","111635","1","","c9adc79b-2cab-4868-95be-dcfa6f8f6cd1"
"6922","14297","631555","158180","0","","20e76612-a4da-4a05-b9e5-5c1c68d58e09"
"6923","28635","351768","88204","1","","f9147225-845a-41ec-b2d2-019e5b4261b0"
"6924","9268","387062","97031","1","","f9147225-845a-41ec-b2d2-019e5b4261b0"
"6925","6806","387101","97041","1","","f9147225-845a-41ec-b2d2-019e5b4261b0"
"6926","28506","632032","158299","0","","20e76612-a4da-4a05-b9e5-5c1c68d58e09"
"6927","5394","387182","97061","1","","f9147225-845a-41ec-b2d2-019e5b4261b0"
"6928","3099","632047","158303","0","","20e76612-a4da-4a05-b9e5-5c1c68d58e09"
"6929","9998","632140","158326","0","","20e76612-a4da-4a05-b9e5-5c1c68d58e09"
"6930","14525","388265","97332","1","","f9147225-845a-41ec-b2d2-019e5b4261b0"
"6931","1693","429605","107669","1","","f9147225-845a-41ec-b2d2-019e5b4261b0"
"6932","2867","445463","111635","1","","f9147225-845a-41ec-b2d2-019e5b4261b0"
"6933","1389","446930","112002","1","","f9147225-845a-41ec-b2d2-019e5b4261b0"
"6934","1647","446933","112003","1","","f9147225-845a-41ec-b2d2-019e5b4261b0"
"6935","2181","446952","112007","1","","f9147225-845a-41ec-b2d2-019e5b4261b0"
"6936","65813","446929","112002","1","","c9adc79b-2cab-4868-95be-dcfa6f8f6cd1"
"6937","2160","446959","112009","1","","f9147225-845a-41ec-b2d2-019e5b4261b0"
"6938","1090","446997","112019","1","","f9147225-845a-41ec-b2d2-019e5b4261b0"
"6939","1282","447007","112021","1","","f9147225-845a-41ec-b2d2-019e5b4261b0"
"6940","1150","447007","112026","1","","f9147225-845a-41ec-b2d2-019e5b4261b0"
"6941","1304","447030","112027","1","","f9147225-845a-41ec-b2d2-019e5b4261b0"
"6942","2725","447033","112028","1","","f9147225-845a-41ec-b2d2-019e5b4261b0"
"6943","3830","447057","112034","1","","f9147225-845a-41ec-b2d2-019e5b4261b0"
"6944","1293","447083","112040","1","","f9147225-845a-41ec-b2d2-019e5b4261b0"
"6945","1356","447103","112045","1","","f9147225-845a-41ec-b2d2-019e5b4261b0"
"6946","33565","632262","158357","0","","20e76612-a4da-4a05-b9e5-5c1c68d58e09"
"6947","23235","446934","112003","1","","c9adc79b-2cab-4868-95be-dcfa6f8f6cd1"
"6948","8436","447118","112049","1","","f9147225-845a-41ec-b2d2-019e5b4261b0"
"6949","1434","447126","112051","1","","f9147225-845a-41ec-b2d2-019e5b4261b0"
"6950","1539","447145","112056","1","","f9147225-845a-41ec-b2d2-019e5b4261b0"
"6951","2275","447159","112059","1","","f9147225-845a-41ec-b2d2-019e5b4261b0"
"6952","3517","447182","112065","1","","f9147225-845a-41ec-b2d2-019e5b4261b0"
"6953","1316","447207","112071","1","","f9147225-845a-41ec-b2d2-019e5b4261b0"
"6954","1355","447217","112074","1","","f9147225-845a-41ec-b2d2-019e5b4261b0"
"6955","18906","632284","158362","0","","20e76612-a4da-4a05-b9e5-5c1c68d58e09"
"6956","2404","447255","112083","1","","f9147225-845a-41ec-b2d2-019e5b4261b0"
"6957","1191","447282","112090","1","","f9147225-845a-41ec-b2d2-019e5b4261b0"
"6958","1270","447314","112098","1","","f9147225-845a-41ec-b2d2-019e5b4261b0"
"6959","1738","447323","112100","1","","f9147225-845a-41ec-b2d2-019e5b4261b0"
"6960","8843","632288","158363","0","","20e76612-a4da-4a05-b9e5-5c1c68d58e09"
"6961","2003","452761","113460","1","","f9147225-845a-41ec-b2d2-019e5b4261b0"
"6962","1978","455267","114087","1","","f9147225-845a-41ec-b2d2-019e5b4261b0"
"6963","1262","455430","114128","1","","f9147225-845a-41ec-b2d2-019e5b4261b0"
"6964","1316","482187","120824","1","","f9147225-845a-41ec-b2d2-019e5b4261b0"
"6965","1308","512537","128413","1","","f9147225-845a-41ec-b2d2-019e5b4261b0"
"6966","1286","512671","128446","1","","f9147225-845a-41ec-b2d2-019e5b4261b0"
"6967","1857","524137","131314","1","","f9147225-845a-41ec-b2d2-019e5b4261b0"
"6968","1147","547661","137196","1","","f9147225-845a-41ec-b2d2-019e5b4261b0"
"6969","3159","558419","139886","1","","f9147225-845a-41ec-b2d2-019e5b4261b0"
"6970","14727","632292","158364","0","","20e76612-a4da-4a05-b9e5-5c1c68d58e09"
"6971","51629","446952","112007","1","","c9adc79b-2cab-4868-95be-dcfa6f8f6cd1"
"6972","23855","632307","158368","0","","20e76612-a4da-4a05-b9e5-5c1c68d58e09"
"6973","8657","632324","158372","0","","20e76612-a4da-4a05-b9e5-5c1c68d58e09"
"6974","24824","446957","112009","1","","c9adc79b-2cab-4868-95be-dcfa6f8f6cd1"
"6975","20723","632334","158375","0","","20e76612-a4da-4a05-b9e5-5c1c68d58e09"
"6976","31408","446997","112019","1","","c9adc79b-2cab-4868-95be-dcfa6f8f6cd1"
"6977","17966","632347","158378","0","","20e76612-a4da-4a05-b9e5-5c1c68d58e09"
"6978","12260","634356","158880","0","","20e76612-a4da-4a05-b9e5-5c1c68d58e09"
"6979","31473","447005","112021","1","","c9adc79b-2cab-4868-95be-dcfa6f8f6cd1"
"6980","17177","634358","158881","0","","20e76612-a4da-4a05-b9e5-5c1c68d58e09"
"6981","15587","634370","158884","0","","20e76612-a4da-4a05-b9e5-5c1c68d58e09"
"6982","17513","447028","112026","1","","c9adc79b-2cab-4868-95be-dcfa6f8f6cd1"
"6983","18324","634380","158886","0","","20e76612-a4da-4a05-b9e5-5c1c68d58e09"
"6984","32846","447030","112027","1","","c9adc79b-2cab-4868-95be-dcfa6f8f6cd1"
"6985","21980","635031","159049","0","","20e76612-a4da-4a05-b9e5-5c1c68d58e09"
"6986","19793","447033","112028","1","","c9adc79b-2cab-4868-95be-dcfa6f8f6cd1"
"6987","15164","635036","159050","0","","20e76612-a4da-4a05-b9e5-5c1c68d58e09"
"6988","24194","447058","112034","1","","c9adc79b-2cab-4868-95be-dcfa6f8f6cd1"
"6989","390","447058","112040","1","","c9adc79b-2cab-4868-95be-dcfa6f8f6cd1"
"6990","33885","635072","159059","0","","20e76612-a4da-4a05-b9e5-5c1c68d58e09"
"6991","18559","447104","112045","1","","c9adc79b-2cab-4868-95be-dcfa6f8f6cd1"
"6992","16587","447120","112049","1","","c9adc79b-2cab-4868-95be-dcfa6f8f6cd1"
"6993","32851","635092","159064","0","","20e76612-a4da-4a05-b9e5-5c1c68d58e09"
"6994","19835","447128","112051","1","","c9adc79b-2cab-4868-95be-dcfa6f8f6cd1"
"6995","18383","635098","159066","0","","20e76612-a4da-4a05-b9e5-5c1c68d58e09"
"6996","5594","635118","159071","0","","20e76612-a4da-4a05-b9e5-5c1c68d58e09"
"6997","3103","635124","159072","0","","20e76612-a4da-4a05-b9e5-5c1c68d58e09"
"6998","3297","635131","159074","0","","20e76612-a4da-4a05-b9e5-5c1c68d58e09"
"6999","2560","635365","159132","0","","20e76612-a4da-4a05-b9e5-5c1c68d58e09"
"7000","27589","447147","112056","1","","c9adc79b-2cab-4868-95be-dcfa6f8f6cd1"
"7001","4613","517","130","0","","20e76612-a4da-4a05-b9e5-5c1c68d58e09"
"7002","4970","1699","425","0","","20e76612-a4da-4a05-b9e5-5c1c68d58e09"
"7003","7672","2590","648","0","","20e76612-a4da-4a05-b9e5-5c1c68d58e09"
"7004","17842","447157","112059","1","","c9adc79b-2cab-4868-95be-dcfa6f8f6cd1"
"7005","3760","5562","1391","0","","20e76612-a4da-4a05-b9e5-5c1c68d58e09"
"7006","3659","351767","88204","1","","4003ccf5-a4ab-4772-8519-c6272ae53e43"
"7007","1987","387062","97031","1","","4003ccf5-a4ab-4772-8519-c6272ae53e43"
"7008","5535","387103","97041","1","","4003ccf5-a4ab-4772-8519-c6272ae53e43"
"7009","2082","387182","97061","1","","4003ccf5-a4ab-4772-8519-c6272ae53e43"
"7010","3794","388265","97332","1","","4003ccf5-a4ab-4772-8519-c6272ae53e43"
"7011","3015","429605","107669","1","","4003ccf5-a4ab-4772-8519-c6272ae53e43"
"7012","10286","429605","111635","1","","4003ccf5-a4ab-4772-8519-c6272ae53e43"
"7013","5975","446930","112002","1","","4003ccf5-a4ab-4772-8519-c6272ae53e43"
"7014","3507","446933","112003","1","","4003ccf5-a4ab-4772-8519-c6272ae53e43"
"7015","11526","446949","112007","1","","4003ccf5-a4ab-4772-8519-c6272ae53e43"
"7016","2907","446957","112009","1","","4003ccf5-a4ab-4772-8519-c6272ae53e43"
"7017","95597","447181","112065","1","","c9adc79b-2cab-4868-95be-dcfa6f8f6cd1"
"7018","5314","447000","112019","1","","4003ccf5-a4ab-4772-8519-c6272ae53e43"
"7019","4038","447005","112021","1","","4003ccf5-a4ab-4772-8519-c6272ae53e43"
"7020","4842","447028","112026","1","","4003ccf5-a4ab-4772-8519-c6272ae53e43"
"7021","4727","447030","112027","1","","4003ccf5-a4ab-4772-8519-c6272ae53e43"
"7022","3271","447033","112028","1","","4003ccf5-a4ab-4772-8519-c6272ae53e43"
"7023","4555","447059","112034","1","","4003ccf5-a4ab-4772-8519-c6272ae53e43"
"7024","27145","447205","112071","1","","c9adc79b-2cab-4868-95be-dcfa6f8f6cd1"
"7025","1750","447082","112040","1","","4003ccf5-a4ab-4772-8519-c6272ae53e43"
"7026","2736","447104","112045","1","","4003ccf5-a4ab-4772-8519-c6272ae53e43"
"7027","1891","447117","112049","1","","4003ccf5-a4ab-4772-8519-c6272ae53e43"
"7028","3979","447127","112051","1","","4003ccf5-a4ab-4772-8519-c6272ae53e43"
"7029","2471","447146","112056","1","","4003ccf5-a4ab-4772-8519-c6272ae53e43"
"7030","3451","447158","112059","1","","4003ccf5-a4ab-4772-8519-c6272ae53e43"
"7031","4548","447181","112065","1","","4003ccf5-a4ab-4772-8519-c6272ae53e43"
"7032","1856","447207","112071","1","","4003ccf5-a4ab-4772-8519-c6272ae53e43"
"7033","3222","447219","112074","1","","4003ccf5-a4ab-4772-8519-c6272ae53e43"
"7034","25218","447219","112074","1","","c9adc79b-2cab-4868-95be-dcfa6f8f6cd1"
"7035","6043","447256","112083","1","","4003ccf5-a4ab-4772-8519-c6272ae53e43"
"7036","3697","447282","112090","1","","4003ccf5-a4ab-4772-8519-c6272ae53e43"
"7037","1429","447313","112098","1","","4003ccf5-a4ab-4772-8519-c6272ae53e43"
"7038","776","447323","112100","1","","4003ccf5-a4ab-4772-8519-c6272ae53e43"
"7039","712","452761","113460","1","","4003ccf5-a4ab-4772-8519-c6272ae53e43"
"7040","781","455268","114087","1","","4003ccf5-a4ab-4772-8519-c6272ae53e43"
"7041","765","455268","114128","1","","4003ccf5-a4ab-4772-8519-c6272ae53e43"
"7042","1005","482185","120824","1","","4003ccf5-a4ab-4772-8519-c6272ae53e43"
"7043","1932","512536","128413","1","","4003ccf5-a4ab-4772-8519-c6272ae53e43"
"7044","1154","512669","128446","1","","4003ccf5-a4ab-4772-8519-c6272ae53e43"
"7045","19329","447254","112083","1","","c9adc79b-2cab-4868-95be-dcfa6f8f6cd1"
"7046","23058","447283","112090","1","","c9adc79b-2cab-4868-95be-dcfa6f8f6cd1"
"7047","32373","447314","112098","1","","c9adc79b-2cab-4868-95be-dcfa6f8f6cd1"
"7048","26654","447322","112100","1","","c9adc79b-2cab-4868-95be-dcfa6f8f6cd1"
"7049","21538","455266","114087","1","","c9adc79b-2cab-4868-95be-dcfa6f8f6cd1"
"7050","25799","351767","88204","0","","315ec434-f72c-49ea-9cb5-de71a4005588"
"7051","35058","351767","97031","0","","315ec434-f72c-49ea-9cb5-de71a4005588"
"7052","50051","387180","97061","0","","315ec434-f72c-49ea-9cb5-de71a4005588"
"7053","22265","388265","97332","0","","315ec434-f72c-49ea-9cb5-de71a4005588"
"7054","54060","388265","107669","0","","315ec434-f72c-49ea-9cb5-de71a4005588"
"7055","14829","445461","111635","0","","315ec434-f72c-49ea-9cb5-de71a4005588"
"7056","38928","446930","112002","0","","315ec434-f72c-49ea-9cb5-de71a4005588"
"7057","1873","446934","112003","0","","315ec434-f72c-49ea-9cb5-de71a4005588"
"7058","8872","351767","88204","0","","037dbad3-e78e-4c6e-84a6-23b921dad62e"
"7059","1468","387061","97031","0","","037dbad3-e78e-4c6e-84a6-23b921dad62e"
"7060","1582","387101","97041","0","","037dbad3-e78e-4c6e-84a6-23b921dad62e"
"7061","1680","387182","97061","0","","037dbad3-e78e-4c6e-84a6-23b921dad62e"
"7062","1186","387182","97332","0","","037dbad3-e78e-4c6e-84a6-23b921dad62e"
"7063","1867","445461","111635","0","","037dbad3-e78e-4c6e-84a6-23b921dad62e"
"7064","1592","446929","112002","0","","037dbad3-e78e-4c6e-84a6-23b921dad62e"
"7065","1334","446935","112003","0","","037dbad3-e78e-4c6e-84a6-23b921dad62e"
"7066","2638","446949","112007","0","","037dbad3-e78e-4c6e-84a6-23b921dad62e"
"7067","1282","446958","112009","0","","037dbad3-e78e-4c6e-84a6-23b921dad62e"
"7068","1439","446997","112019","0","","037dbad3-e78e-4c6e-84a6-23b921dad62e"
"7069","1117","447006","112021","0","","037dbad3-e78e-4c6e-84a6-23b921dad62e"
"7070","1916","447027","112026","0","","037dbad3-e78e-4c6e-84a6-23b921dad62e"
"7071","1915","447030","112027","0","","037dbad3-e78e-4c6e-84a6-23b921dad62e"
"7072","1896","447034","112028","0","","037dbad3-e78e-4c6e-84a6-23b921dad62e"
"7073","1137","447058","112034","0","","037dbad3-e78e-4c6e-84a6-23b921dad62e"
"7074","2127","447084","112040","0","","037dbad3-e78e-4c6e-84a6-23b921dad62e"
"7075","1680","447103","112045","0","","037dbad3-e78e-4c6e-84a6-23b921dad62e"
"7076","1181","447117","112049","0","","037dbad3-e78e-4c6e-84a6-23b921dad62e"
"7077","1840","447128","112051","0","","037dbad3-e78e-4c6e-84a6-23b921dad62e"
"7078","1235","447145","112056","0","","037dbad3-e78e-4c6e-84a6-23b921dad62e"
"7079","1196","447157","112059","0","","037dbad3-e78e-4c6e-84a6-23b921dad62e"
"7080","1114","447182","112065","0","","037dbad3-e78e-4c6e-84a6-23b921dad62e"
"7081","1377","447206","112071","0","","037dbad3-e78e-4c6e-84a6-23b921dad62e"
"7082","1178","447220","112074","0","","037dbad3-e78e-4c6e-84a6-23b921dad62e"
"7083","1358","447253","112083","0","","037dbad3-e78e-4c6e-84a6-23b921dad62e"
"7084","1154","447283","112090","0","","037dbad3-e78e-4c6e-84a6-23b921dad62e"
"7085","1271","447314","112098","0","","037dbad3-e78e-4c6e-84a6-23b921dad62e"
"7086","1785","447322","112100","0","","037dbad3-e78e-4c6e-84a6-23b921dad62e"
"7087","1431","452762","113460","0","","037dbad3-e78e-4c6e-84a6-23b921dad62e"
"7088","1702","455267","114087","0","","037dbad3-e78e-4c6e-84a6-23b921dad62e"
"7089","1636","455431","114128","0","","037dbad3-e78e-4c6e-84a6-23b921dad62e"
"7090","1180","482186","120824","0","","037dbad3-e78e-4c6e-84a6-23b921dad62e"
"7091","1472","512538","128413","0","","037dbad3-e78e-4c6e-84a6-23b921dad62e"
"7092","1389","512671","128446","0","","037dbad3-e78e-4c6e-84a6-23b921dad62e"
"7093","1348","560910","140509","0","","037dbad3-e78e-4c6e-84a6-23b921dad62e"
"7094","1569","577368","144630","0","","037dbad3-e78e-4c6e-84a6-23b921dad62e"
"7095","1841","577480","144658","0","","037dbad3-e78e-4c6e-84a6-23b921dad62e"
"7096","1193","577624","144694","0","","037dbad3-e78e-4c6e-84a6-23b921dad62e"
"7097","1675","577772","144731","0","","037dbad3-e78e-4c6e-84a6-23b921dad62e"
"7098","1563","578084","144809","0","","037dbad3-e78e-4c6e-84a6-23b921dad62e"
"7099","1285","578137","144822","0","","037dbad3-e78e-4c6e-84a6-23b921dad62e"
"7100","1743","582432","145896","0","","037dbad3-e78e-4c6e-84a6-23b921dad62e"
"7101","1210","582621","145943","0","","037dbad3-e78e-4c6e-84a6-23b921dad62e"
"7102","1124","582637","145947","0","","037dbad3-e78e-4c6e-84a6-23b921dad62e"
"7103","908","582637","145950","0","","037dbad3-e78e-4c6e-84a6-23b921dad62e"
"7104","1073","582702","145964","0","","037dbad3-e78e-4c6e-84a6-23b921dad62e"
"7105","959","582702","145968","0","","037dbad3-e78e-4c6e-84a6-23b921dad62e"
"7106","797","582702","146271","0","","037dbad3-e78e-4c6e-84a6-23b921dad62e"
"7107","362","582702","146295","0","","037dbad3-e78e-4c6e-84a6-23b921dad62e"
"7108","110","582702","146315","0","","037dbad3-e78e-4c6e-84a6-23b921dad62e"
"7109","140","582702","146333","0","","037dbad3-e78e-4c6e-84a6-23b921dad62e"
"7110","130","582702","146341","0","","037dbad3-e78e-4c6e-84a6-23b921dad62e"
"7111","960","582702","147569","0","","037dbad3-e78e-4c6e-84a6-23b921dad62e"
"7112","797","582702","152252","0","","037dbad3-e78e-4c6e-84a6-23b921dad62e"
"7113","638","582702","152447","0","","037dbad3-e78e-4c6e-84a6-23b921dad62e"
"7114","138","582702","152452","0","","037dbad3-e78e-4c6e-84a6-23b921dad62e"
"7115","693","582702","152915","0","","037dbad3-e78e-4c6e-84a6-23b921dad62e"
"7116","129","582702","152926","0","","037dbad3-e78e-4c6e-84a6-23b921dad62e"
"7117","833","582702","158149","0","","037dbad3-e78e-4c6e-84a6-23b921dad62e"
"7118","127","582702","158150","0","","037dbad3-e78e-4c6e-84a6-23b921dad62e"
"7119","641","582702","158156","0","","037dbad3-e78e-4c6e-84a6-23b921dad62e"
"7120","569","582702","158160","0","","037dbad3-e78e-4c6e-84a6-23b921dad62e"
"7121","128","582702","158161","0","","037dbad3-e78e-4c6e-84a6-23b921dad62e"
"7122","739","582702","158165","0","","037dbad3-e78e-4c6e-84a6-23b921dad62e"
"7123","352","582702","158173","0","","037dbad3-e78e-4c6e-84a6-23b921dad62e"
"7124","766","582702","158177","0","","037dbad3-e78e-4c6e-84a6-23b921dad62e"
"7125","720","582702","158178","0","","037dbad3-e78e-4c6e-84a6-23b921dad62e"
"7126","639","582702","158180","0","","037dbad3-e78e-4c6e-84a6-23b921dad62e"
"7127","580","582702","158299","0","","037dbad3-e78e-4c6e-84a6-23b921dad62e"
"7128","656","582702","158303","0","","037dbad3-e78e-4c6e-84a6-23b921dad62e"
"7129","666","582702","158326","0","","037dbad3-e78e-4c6e-84a6-23b921dad62e"
"7130","853","582702","158357","0","","037dbad3-e78e-4c6e-84a6-23b921dad62e"
"7131","150","582702","158362","0","","037dbad3-e78e-4c6e-84a6-23b921dad62e"
"7132","904","582702","158363","0","","037dbad3-e78e-4c6e-84a6-23b921dad62e"
"7133","673","582702","158364","0","","037dbad3-e78e-4c6e-84a6-23b921dad62e"
"7134","1515","632308","158368","0","","037dbad3-e78e-4c6e-84a6-23b921dad62e"
"7135","697","632308","158372","0","","037dbad3-e78e-4c6e-84a6-23b921dad62e"
"7136","119","632308","158375","0","","037dbad3-e78e-4c6e-84a6-23b921dad62e"
"7137","139","632308","158378","0","","037dbad3-e78e-4c6e-84a6-23b921dad62e"
"7138","585","632308","158880","0","","037dbad3-e78e-4c6e-84a6-23b921dad62e"
"7139","681","632308","158881","0","","037dbad3-e78e-4c6e-84a6-23b921dad62e"
"7140","115","632308","158884","0","","037dbad3-e78e-4c6e-84a6-23b921dad62e"
"7141","675","632308","158886","0","","037dbad3-e78e-4c6e-84a6-23b921dad62e"
"7142","68","632308","159049","0","","037dbad3-e78e-4c6e-84a6-23b921dad62e"
"7143","592","632308","159050","0","","037dbad3-e78e-4c6e-84a6-23b921dad62e"
"7144","1978","635072","159059","0","","037dbad3-e78e-4c6e-84a6-23b921dad62e"
"7145","164","635072","159064","0","","037dbad3-e78e-4c6e-84a6-23b921dad62e"
"7146","161","635072","159066","0","","037dbad3-e78e-4c6e-84a6-23b921dad62e"
"7147","1266907","446952","112007","0","","315ec434-f72c-49ea-9cb5-de71a4005588"
"7148","58375","351766","88204","1","","20e76612-a4da-4a05-b9e5-5c1c68d58e09"
"7149","36613","387062","97031","1","","20e76612-a4da-4a05-b9e5-5c1c68d58e09"
"7150","23410","387103","97041","1","","20e76612-a4da-4a05-b9e5-5c1c68d58e09"
"7151","94347","446959","112009","0","","315ec434-f72c-49ea-9cb5-de71a4005588"
"7152","1558","446998","112019","0","","315ec434-f72c-49ea-9cb5-de71a4005588"
"7153","5861","447005","112021","0","","315ec434-f72c-49ea-9cb5-de71a4005588"
"7154","35419","387182","97061","1","","20e76612-a4da-4a05-b9e5-5c1c68d58e09"
"7155","18225","447026","112026","0","","315ec434-f72c-49ea-9cb5-de71a4005588"
"7156","193905","388265","97332","1","","20e76612-a4da-4a05-b9e5-5c1c68d58e09"
"7157","452012","447031","112027","0","","315ec434-f72c-49ea-9cb5-de71a4005588"
"7158","1402","447035","112028","0","","315ec434-f72c-49ea-9cb5-de71a4005588"
"7159","1341","447057","112034","0","","315ec434-f72c-49ea-9cb5-de71a4005588"
"7160","335254","447083","112040","0","","315ec434-f72c-49ea-9cb5-de71a4005588"
"7161","23197","447104","112045","0","","315ec434-f72c-49ea-9cb5-de71a4005588"
"7162","22513","447118","112049","0","","315ec434-f72c-49ea-9cb5-de71a4005588"
"7163","874","447118","112051","0","","315ec434-f72c-49ea-9cb5-de71a4005588"
"7164","310451","447148","112056","0","","315ec434-f72c-49ea-9cb5-de71a4005588"
"7165","2060","447159","112059","0","","315ec434-f72c-49ea-9cb5-de71a4005588"
"7166","43334","351767","88204","1","","40f19133-2878-4e15-bdbe-321982d2f59d"
"7167","4401","387100","97041","9","","40f19133-2878-4e15-bdbe-321982d2f59d"
"7168","8474","387181","97061","9","","40f19133-2878-4e15-bdbe-321982d2f59d"
"7169","6492","388266","97332","9","","40f19133-2878-4e15-bdbe-321982d2f59d"
"7170","5896","429605","107669","9","","40f19133-2878-4e15-bdbe-321982d2f59d"
"7171","3427","387100","97041","15","","40f19133-2878-4e15-bdbe-321982d2f59d"
"7172","3587","387180","97061","15","","40f19133-2878-4e15-bdbe-321982d2f59d"
"7173","3103","388266","97332","15","","40f19133-2878-4e15-bdbe-321982d2f59d"
"7174","79337","429604","107669","15","","40f19133-2878-4e15-bdbe-321982d2f59d"
"7175","9875","387103","97041","19","","40f19133-2878-4e15-bdbe-321982d2f59d"
"7176","9821","445464","111635","19","","40f19133-2878-4e15-bdbe-321982d2f59d"
"7177","10725","446929","112002","19","","40f19133-2878-4e15-bdbe-321982d2f59d"
"7178","5544","446933","112003","19","","40f19133-2878-4e15-bdbe-321982d2f59d"
"7179","4535","446951","112007","19","","40f19133-2878-4e15-bdbe-321982d2f59d"
"7180","5068","446957","112009","19","","40f19133-2878-4e15-bdbe-321982d2f59d"
"7181","2958","446997","112019","19","","40f19133-2878-4e15-bdbe-321982d2f59d"
"7182","3181","447005","112021","19","","40f19133-2878-4e15-bdbe-321982d2f59d"
"7183","3911","447028","112026","19","","40f19133-2878-4e15-bdbe-321982d2f59d"
"7184","4103","387101","97041","20","","40f19133-2878-4e15-bdbe-321982d2f59d"
"7185","12696","387103","97041","24","","40f19133-2878-4e15-bdbe-321982d2f59d"
"7186","2514","445462","111635","25","","40f19133-2878-4e15-bdbe-321982d2f59d"
"7187","4101","446932","112002","25","","40f19133-2878-4e15-bdbe-321982d2f59d"
"7188","21269","387101","97041","2","","1a90e995-fd6c-45ff-8e66-7a26a6772d26"
"7189","41446","445462","111635","2","","1a90e995-fd6c-45ff-8e66-7a26a6772d26"
"7190","73379","446929","112002","2","","1a90e995-fd6c-45ff-8e66-7a26a6772d26"
"7191","9927","446934","112003","2","","1a90e995-fd6c-45ff-8e66-7a26a6772d26"
"7192","5616","446952","112007","2","","1a90e995-fd6c-45ff-8e66-7a26a6772d26"
"7193","28223","446960","112009","2","","1a90e995-fd6c-45ff-8e66-7a26a6772d26"
"7194","30493","446960","112009","2","","1a90e995-fd6c-45ff-8e66-7a26a6772d26"
"7195","38743","446997","112019","2","","1a90e995-fd6c-45ff-8e66-7a26a6772d26"
"7196","6611","447006","112021","2","","1a90e995-fd6c-45ff-8e66-7a26a6772d26"
"7197","5563","447028","112026","2","","1a90e995-fd6c-45ff-8e66-7a26a6772d26"
"7198","9044","447030","112027","2","","1a90e995-fd6c-45ff-8e66-7a26a6772d26"
"7199","4782","447033","112028","2","","1a90e995-fd6c-45ff-8e66-7a26a6772d26"
"7200","2027","447059","112034","2","","1a90e995-fd6c-45ff-8e66-7a26a6772d26"
"7201","2059","447082","112040","2","","1a90e995-fd6c-45ff-8e66-7a26a6772d26"
"7202","4932","447101","112045","2","","1a90e995-fd6c-45ff-8e66-7a26a6772d26"
"7203","1799","447119","112049","2","","1a90e995-fd6c-45ff-8e66-7a26a6772d26"
"7204","2311","447119","112051","2","","1a90e995-fd6c-45ff-8e66-7a26a6772d26"
"7205","1334","447147","112056","2","","1a90e995-fd6c-45ff-8e66-7a26a6772d26"
"7206","1320","447159","112059","2","","1a90e995-fd6c-45ff-8e66-7a26a6772d26"
"7207","1553","447183","112065","2","","1a90e995-fd6c-45ff-8e66-7a26a6772d26"
"7208","1798","447208","112071","2","","1a90e995-fd6c-45ff-8e66-7a26a6772d26"
"7209","2082","447219","112074","2","","1a90e995-fd6c-45ff-8e66-7a26a6772d26"
"7210","1234","447255","112083","2","","1a90e995-fd6c-45ff-8e66-7a26a6772d26"
"7211","1172","447282","112090","2","","1a90e995-fd6c-45ff-8e66-7a26a6772d26"
"7212","1263","447314","112098","2","","1a90e995-fd6c-45ff-8e66-7a26a6772d26"
"7213","1113","447323","112100","2","","1a90e995-fd6c-45ff-8e66-7a26a6772d26"
"7214","1089","452762","113460","2","","1a90e995-fd6c-45ff-8e66-7a26a6772d26"
"7215","1349","455267","114087","2","","1a90e995-fd6c-45ff-8e66-7a26a6772d26"
"7216","978","455431","114128","2","","1a90e995-fd6c-45ff-8e66-7a26a6772d26"
"7217","1577","482186","120824","2","","1a90e995-fd6c-45ff-8e66-7a26a6772d26"
"7218","2277","512539","128413","2","","1a90e995-fd6c-45ff-8e66-7a26a6772d26"
"7219","1409","512539","128446","2","","1a90e995-fd6c-45ff-8e66-7a26a6772d26"
"7220","2306","547663","137196","2","","1a90e995-fd6c-45ff-8e66-7a26a6772d26"
"7221","3086","558419","139886","2","","1a90e995-fd6c-45ff-8e66-7a26a6772d26"
"7222","2479","559202","140082","2","","1a90e995-fd6c-45ff-8e66-7a26a6772d26"
"7223","1372","560822","140487","2","","1a90e995-fd6c-45ff-8e66-7a26a6772d26"
"7224","1442","560908","140509","2","","1a90e995-fd6c-45ff-8e66-7a26a6772d26"
"7225","1063","577082","144559","2","","1a90e995-fd6c-45ff-8e66-7a26a6772d26"
"7226","1010","577366","144630","2","","1a90e995-fd6c-45ff-8e66-7a26a6772d26"
"7227","1091","577480","144658","2","","1a90e995-fd6c-45ff-8e66-7a26a6772d26"
"7228","1313","351767","88204","2","","1a90e995-fd6c-45ff-8e66-7a26a6772d26"
"7229","1249","387181","97061","2","","1a90e995-fd6c-45ff-8e66-7a26a6772d26"
"7230","1132","388266","97332","2","","1a90e995-fd6c-45ff-8e66-7a26a6772d26"
"7231","945","388266","107669","2","","1a90e995-fd6c-45ff-8e66-7a26a6772d26"
"7232","2436","577623","144694","2","","1a90e995-fd6c-45ff-8e66-7a26a6772d26"
"7233","962","577771","144731","2","","1a90e995-fd6c-45ff-8e66-7a26a6772d26"
"7234","997","578085","144809","2","","1a90e995-fd6c-45ff-8e66-7a26a6772d26"
"7235","1100","578137","144822","2","","1a90e995-fd6c-45ff-8e66-7a26a6772d26"
"7236","1727","582432","145896","2","","1a90e995-fd6c-45ff-8e66-7a26a6772d26"
"7237","920","582619","145943","2","","1a90e995-fd6c-45ff-8e66-7a26a6772d26"
"7238","923","582636","145947","2","","1a90e995-fd6c-45ff-8e66-7a26a6772d26"
"7239","849","582648","145950","2","","1a90e995-fd6c-45ff-8e66-7a26a6772d26"
"7240","992","582702","145964","2","","1a90e995-fd6c-45ff-8e66-7a26a6772d26"
"7241","1577","582720","145968","2","","1a90e995-fd6c-45ff-8e66-7a26a6772d26"
"7242","928","583931","146271","2","","1a90e995-fd6c-45ff-8e66-7a26a6772d26"
"7243","909","584026","146295","2","","1a90e995-fd6c-45ff-8e66-7a26a6772d26"
"7244","899","584107","146315","2","","1a90e995-fd6c-45ff-8e66-7a26a6772d26"
"7245","871","584179","146333","2","","1a90e995-fd6c-45ff-8e66-7a26a6772d26"
"7246","1508","584212","146341","2","","1a90e995-fd6c-45ff-8e66-7a26a6772d26"
"7247","1118","589110","147569","2","","1a90e995-fd6c-45ff-8e66-7a26a6772d26"
"7248","1559","607844","152252","2","","1a90e995-fd6c-45ff-8e66-7a26a6772d26"
"7249","1588","608624","152447","2","","1a90e995-fd6c-45ff-8e66-7a26a6772d26"
"7250","900","608645","152452","2","","1a90e995-fd6c-45ff-8e66-7a26a6772d26"
"7251","983","610497","152915","2","","1a90e995-fd6c-45ff-8e66-7a26a6772d26"
"7252","891","610541","152926","2","","1a90e995-fd6c-45ff-8e66-7a26a6772d26"
"7253","1238","631431","158149","2","","1a90e995-fd6c-45ff-8e66-7a26a6772d26"
"7254","844","631435","158150","2","","1a90e995-fd6c-45ff-8e66-7a26a6772d26"
"7255","980","631461","158156","2","","1a90e995-fd6c-45ff-8e66-7a26a6772d26"
"7256","1109","631477","158160","2","","1a90e995-fd6c-45ff-8e66-7a26a6772d26"
"7257","1334","631481","158161","2","","1a90e995-fd6c-45ff-8e66-7a26a6772d26"
"7258","1212","631495","158165","2","","1a90e995-fd6c-45ff-8e66-7a26a6772d26"
"7259","2202","631528","158173","2","","1a90e995-fd6c-45ff-8e66-7a26a6772d26"
"7260","1050","631545","158177","2","","1a90e995-fd6c-45ff-8e66-7a26a6772d26"
"7261","992","631549","158178","2","","1a90e995-fd6c-45ff-8e66-7a26a6772d26"
"7262","1013","631556","158180","2","","1a90e995-fd6c-45ff-8e66-7a26a6772d26"
"7263","1402","632032","158299","2","","1a90e995-fd6c-45ff-8e66-7a26a6772d26"
"7264","876","632048","158303","2","","1a90e995-fd6c-45ff-8e66-7a26a6772d26"
"7265","1036","632141","158326","2","","1a90e995-fd6c-45ff-8e66-7a26a6772d26"
"7266","1274","632263","158357","2","","1a90e995-fd6c-45ff-8e66-7a26a6772d26"
"7267","1256","632284","158362","2","","1a90e995-fd6c-45ff-8e66-7a26a6772d26"
"7268","1127","632289","158363","2","","1a90e995-fd6c-45ff-8e66-7a26a6772d26"
"7269","1020","632293","158364","2","","1a90e995-fd6c-45ff-8e66-7a26a6772d26"
"7270","1008","632309","158368","2","","1a90e995-fd6c-45ff-8e66-7a26a6772d26"
"7271","1197","632324","158372","2","","1a90e995-fd6c-45ff-8e66-7a26a6772d26"
"7272","1641","632336","158375","2","","1a90e995-fd6c-45ff-8e66-7a26a6772d26"
"7273","1022","632346","158378","2","","1a90e995-fd6c-45ff-8e66-7a26a6772d26"
"7274","1014","634355","158880","2","","1a90e995-fd6c-45ff-8e66-7a26a6772d26"
"7275","906","634359","158881","2","","1a90e995-fd6c-45ff-8e66-7a26a6772d26"
"7276","970","634371","158884","2","","1a90e995-fd6c-45ff-8e66-7a26a6772d26"
"7277","978","634381","158886","2","","1a90e995-fd6c-45ff-8e66-7a26a6772d26"
"7278","845","635033","159049","2","","1a90e995-fd6c-45ff-8e66-7a26a6772d26"
"7279","927","635036","159050","2","","1a90e995-fd6c-45ff-8e66-7a26a6772d26"
"7280","865","635070","159059","2","","1a90e995-fd6c-45ff-8e66-7a26a6772d26"
"7281","877","635092","159064","2","","1a90e995-fd6c-45ff-8e66-7a26a6772d26"
"7282","823","635099","159066","2","","1a90e995-fd6c-45ff-8e66-7a26a6772d26"
"7283","953","635120","159071","2","","1a90e995-fd6c-45ff-8e66-7a26a6772d26"
"7284","884","635124","159072","2","","1a90e995-fd6c-45ff-8e66-7a26a6772d26"
"7285","2086","635130","159074","2","","1a90e995-fd6c-45ff-8e66-7a26a6772d26"
"7286","953","635365","159132","2","","1a90e995-fd6c-45ff-8e66-7a26a6772d26"
"7287","1230","519","130","2","","1a90e995-fd6c-45ff-8e66-7a26a6772d26"
"7288","8853","1698","425","2","","1a90e995-fd6c-45ff-8e66-7a26a6772d26"
"7289","1399","2591","648","2","","1a90e995-fd6c-45ff-8e66-7a26a6772d26"
"7290","1379","5562","1391","2","","1a90e995-fd6c-45ff-8e66-7a26a6772d26"
"7291","1428","5590","1398","2","","1a90e995-fd6c-45ff-8e66-7a26a6772d26"
"7292","6016","5889","1473","2","","1a90e995-fd6c-45ff-8e66-7a26a6772d26"
"7293","1443","6236","1559","2","","1a90e995-fd6c-45ff-8e66-7a26a6772d26"
"7294","2234","10159","2540","2","","1a90e995-fd6c-45ff-8e66-7a26a6772d26"
"7295","3046","25979","6495","2","","1a90e995-fd6c-45ff-8e66-7a26a6772d26"
"7296","1181","25979","7555","2","","1a90e995-fd6c-45ff-8e66-7a26a6772d26"
"7297","1335","31695","7924","2","","1a90e995-fd6c-45ff-8e66-7a26a6772d26"
"7298","874","33323","8331","2","","1a90e995-fd6c-45ff-8e66-7a26a6772d26"
"7299","1883","34224","8557","2","","1a90e995-fd6c-45ff-8e66-7a26a6772d26"
"7300","1523","34324","8582","2","","1a90e995-fd6c-45ff-8e66-7a26a6772d26"
"7301","1933","134799","33704","2","","1a90e995-fd6c-45ff-8e66-7a26a6772d26"
"7302","1362","140402","35106","2","","1a90e995-fd6c-45ff-8e66-7a26a6772d26"
"7303","1478","140646","35167","2","","1a90e995-fd6c-45ff-8e66-7a26a6772d26"
"7304","7948","159634","39937","2","","1a90e995-fd6c-45ff-8e66-7a26a6772d26"
"7305","6460","387103","97041","31","","40f19133-2878-4e15-bdbe-321982d2f59d"
"7306","3755","445461","111635","31","","40f19133-2878-4e15-bdbe-321982d2f59d"
"7307","3390","446931","112002","31","","40f19133-2878-4e15-bdbe-321982d2f59d"
"7308","4730","446935","112003","31","","40f19133-2878-4e15-bdbe-321982d2f59d"
"7309","4819","446952","112007","31","","40f19133-2878-4e15-bdbe-321982d2f59d"
"7310","3229","446949","112007","0","","5cd37776-9f54-479e-a25c-aa250a8ea477"
